Time (h),Air temperature1 (degC)
1,7.3
2,5.8
3,6.2
4,6.6
5,6.7
6,7
7,7.1
8,7.7
9,8.2
10,8.7
11,9.6
12,10.1
13,11
14,11
15,11.1
16,10.2
17,7.5
18,7
19,7.6
20,8.3
21,6.4
22,6.6
23,7.3
24,6.9
25,4.5
26,3.5
27,2.6
28,2.1
29,0.9
30
31,2
32,6.8
33,7.4
34,8.6
35,7.8
36,8.5
37,8.4
38,9.7
39,9.6
40,8.5
41,4.8
42,3.6
43,3.2
44,2.7
45,2.7
46,2.3
47,1.8
48,2.5
49,4.3
50,4.1
51,4.4
52,4.2
53,4
54,3.4
55,3.4
56,4.8
57,4.8
58,6.2
59,8.5
60,7.8
61,7.5
62,7.6
63,7.3
64,6.7
65,6.1
66,5.8
67,4.4
68,3.4
69,3.6
70,4.3
71,4.6
72,4.2
73,3.9
74,3.9
75,3.1
76,2.1
77,2.1
78,2
79,2.4
80,3.2
81,3.7
82,3.7
83,3.6
84,3.7
85,3.8
86,3.7
87,3.9
88,4
89,3.9
90,3.4
91,1.1
92,-1
93,-1.7
94,-1.6
95,-0.2
96,1
97,0.9
98,1.1
99,1.7
100,2.8
101,3.1
102,4.2
103,5.4
104,6.6
105,8.1
106,9.7
107,10.6
108,9.5
109,9.7
110,10.4
111,1
112,8.9
113,7.4
114,6
115,5.3
116,5.1
117,3.1
118,5.1
119,4.9
120,4.7
121,1.7
122,3.7
123,4.5
124,4.9
125,4.9
126,5.1
127,6.2
128,6.8
129,7.4
130,8.6
131,9.2
132,10.4
133,10.4
134,1
135,9.5
136,8.6
137,7.6
138,6.9
139,6.3
140,3.9
141,2.3
142,1.7
143,1.3
144,1
145,0.8
146,0.6
147,0.7
148,0.3
149,0.1
150,0.2
151,0.7
152,2.2
153,4.7
154,5.2
155,5.6
156,7.1
157,7.8
158,7
159,7
160,4.5
161,1.9
162,0.2
163,-0.8
164,-1.6
165,-1.7
166,-2.5
167,-3.1
168,-3.8
169,-4
170,-4.1
171,-4.1
172,-4
173,-3.3
174,-0.8
175
176,1.8
177,2.9
178,4.5
179,6
180,7.3
181,8
182,8.4
183,8.4
184,7.7
185,7
186,7.2
187,7.4
188,7.9
189,8.1
190,8.3
191,8.4
192,8.6
193,8.9
194,9
195,9.2
196,9.3
197,9.4
198,9.5
199,9.6
200,9.9
201,1
202,10.3
203,10.7
204,10.9
205,11.2
206,11.2
207,11.1
208,11.1
209,11
210,10.8
211,11
212,11.3
213,11.3
214,11.5
215,11.6
216,11.6
217,11.6
218,11.6
219,11.6
220,11.7
221,11.9
222,11.7
223,11.7
224,11.5
225,11.7
226,12.4
227,13
228,13.4
229,14.1
230,13.3
231,13.4
232,12.3
233,9
234,9.2
235,6.5
236,4.2
237,3.4
238,2.4
239,2.3
240,2.1
241,1.6
242,1.3
243,1.1
244,0.9
245,0.9
246,1.4
247,3.2
248,6.8
249,8
250,8.7
251,9.2
252,9.9
253,10.4
254,10.8
255,11
256,11
257,11
258,10.8
259,10.8
260,10.4
261,10.1
262,1
263,9.9
264,9.7
265,9.5
266,9.4
267,9.4
268,9.3
269,9.1
270,9.2
271,9.6
272,10.2
273,10.9
274,12.6
275,13.9
276,15.1
277,16
278,15.2
279,15.4
280,13.1
281,11.2
282,10.3
283,10.4
284,10.6
285,10.1
286,8.3
287,8.5
288,9.7
289,1
290,10.3
291,10.7
292,10.7
293,10.5
294,10.4
295,10.4
296,10.7
297,11.6
298,12.1
299,12.7
300,13.4
301,14.3
302,14.6
303,14.6
304,14.1
305,13.7
306,13.8
307,13.7
308,13.9
309,13.6
310,12.9
311,12.5
312,12
313,12.1
314,11.5
315,10.4
316,10.9
317,10.2
318,10.6
319,10.7
320,13.3
321,15.1
322,16.6
323,18
324,18.8
325,19.3
326,18.7
327,17.6
328,16.5
329,14.9
330,13.8
331,13.1
332,12.1
333,11.9
334,11.5
335,11.3
336,12
337,12
338,11.9
339,11.3
340,11.6
341,11.4
342,11.2
343,11
344,11.9
345,12.9
346,14.3
347,15.5
348,16.5
349,17.3
350,17
351,16.4
352,15.4
353,14.2
354,13.2
355,12.1
356,11.5
357,10.8
358,10.1
359,9.9
360,9.9
361,8.7
362,7.2
363,7.4
364,9.6
365,9.9
366,9.9
367,9.8
368,9.9
369,10.1
370,10.7
371,11.5
372,11.6
373,10.9
374,10.5
375,10.4
376,8.6
377,6.6
378,5.8
379,4.4
380,3.2
381,2.4
382,3.1
383,4.3
384,5.2
385,6.1
386,7.1
387,7.2
388,6.5
389,7.2
390,7.7
391,8.1
392,8.7
393,9.3
394,1
395,10.3
396,11.3
397,12.3
398,12.7
399,13.1
400,13.1
401,13.1
402,12.9
403,12.6
404,12.4
405,11.8
406,11.4
407,11.5
408,11.6
409,12
410,12.1
411,12
412,11.8
413,11.3
414,11
415,11
416,11
417,11.1
418,11.4
419,11.7
420,11.9
421,12.1
422,11.8
423,9.9
424,9
425,8.2
426,7.5
427,6.6
428,6.3
429,6.5
430,6.2
431,6.1
432,5.7
433,5.4
434,5.5
435,5.1
436,5.3
437,5.2
438,5
439,4.9
440,6
441,7.4
442,8.2
443,9
444,9.2
445,9.8
446,9.4
447,8.8
448,7.8
449,6.7
450,4.8
451,4.5
452,2.2
453,1.1
454,1
455,1.1
456,1.2
457,1.4
458,0.9
459,1
460,-0.4
461,-0.7
462,-0.8
463,-0.5
464,1.3
465,3.1
466,5
467,6.4
468,7
469,7.2
470,7.7
471,7.6
472,7.3
473,6.5
474,5.4
475,5.6
476,6.1
477,5.5
478,4.3
479,4.4
480,3.1
481,3.6
482,4
483,4.5
484,4.3
485,3.7
486,3.1
487,3.3
488,4.8
489,6.2
490,7.5
491,8.5
492,8.7
493,9.3
494,10.2
495,10.5
496,1
497,9.6
498,9.4
499,9.1
500,9.1
501,9.3
502,9.6
503,1
504,10.5
505,11
506,11.2
507,11.6
508,10.6
509,7.8
510,7
511,6.6
512,6.7
513,7.2
514,7.3
515,7.7
516,7.9
517,9.8
518,7.3
519,5.3
520,6.1
521,5.8
522,4.9
523,4.1
524,3.7
525,3.5
526,3.1
527,2.9
528,1.6
529,1.9
530,2.1
531,0.1
532,-0.8
533,-1.1
534,-1.1
535,1
536,1.7
537,3
538,4
539,4.6
540,4.4
541,3.4
542,2.4
543,2
544,1.8
545,2.5
546,2.9
547,3.2
548,3.5
549,3.7
550,3.9
551,3.8
552,3.6
553,3.5
554,3.4
555,3.3
556,3.3
557,3.2
558,3
559,3
560,2.9
561,3.3
562,2.9
563,3.1
564,3.8
565,5
566,4.6
567,4.3
568,3.4
569,2.2
570,0.6
571,-1.2
572,-2.4
573,-2.6
574,-1.9
575,-1.1
576,-0.6
577,-0.6
578,-0.1
579,0.2
580,0.3
581,0.4
582,0.1
583,0.1
584,0.6
585,1.5
586,3
587,3.5
588,4.3
589,4.9
590,4.6
591,4
592,3.4
593,3
594,2.8
595,2.8
596,2.9
597,2.5
598,2.6
599,2.4
600,2.1
601,2
602,1.8
603,1.5
604,1.4
605,1
606,1.2
607,1.3
608,1.4
609,1
610,1
611,0.5
612,0.6
613,0.7
614,0.6
615,0.6
616,0.8
617,0.9
618,0.8
619,0.6
620,0.5
621,0.3
622,0.3
623,0.1
624
625
626
627
628
629
630
631,-0.2
632
633,0.6
634,1.4
635,1.8
636,1.4
637,1.3
638,1.1
639,-0.1
640,-0.2
641
642,0.1
643,0.1
644,0.2
645
646
647
648,-0.1
649,-0.2
650,-0.4
651,-0.4
652,-0.7
653,-1.1
654,-1.4
655,-1.6
656,-1.3
657,-0.8
658
659,0.4
660,0.8
661,1.4
662,1.1
663,0.4
664,-0.2
665,-0.5
666,-1
667,-1.7
668,-2.5
669,-3.3
670,-4.2
671,-5.4
672,-4.9
673,-7.1
674,-7.9
675,-8.4
676,-5.6
677,-4.6
678,-3.7
679,-3.7
680,-3.2
681,-2.9
682,-2.3
683,-1.6
684,-0.7
685,-0.4
686,-0.3
687,-0.7
688,-1.4
689,-1.8
690,-1.9
691,-1.7
692,-2.2
693,-2.3
694,-2.3
695,-2
696,-2
697,-1.9
698,-2
699,-1.9
700,-1.9
701,-1.8
702,-1.5
703,-1.1
704,-0.4
705
706,0.3
707,0.8
708,1.2
709,1.3
710,1.4
711,1.8
712,2.2
713,2.3
714,2.3
715,2.4
716,2.5
717,2.6
718,2.8
719,3.2
720,3.4
721,3.7
722,4.2
723,4.4
724,4.4
725,4.6
726,4.6
727,4.6
728,4.6
729,4.8
730,5.2
731,5.6
732,5.9
733,6.3
734,6.9
735,8
736,8.2
737,8.2
738,8.4
739,8.1
740,8.4
741,8.6
742,8.2
743,8.4
744,8.4
745,8.3
746,8.2
747,7.9
748,7.6
749,7.3
750,7.2
751,7.1
752,6.9
753,6.7
754,6.8
755,7.2
756,7.2
757,7.1
758,6.7
759,5.9
760,5.7
761,4.2
762,3.2
763,1.4
764
765
766,-0.7
767,0.7
768,1.1
769,1.4
770,2.6
771,2.7
772,2.9
773,3.4
774,3.8
775,4.8
776,5.9
777,6.4
778,6.6
779,7.6
780,8
781,8.2
782,8.3
783,8.3
784,8.5
785,8.7
786,8.8
787,9.4
788,9.8
789,9.8
790,8.7
791,8.1
792,8.2
793,8.5
794,8.6
795,8.5
796,8.6
797,8.8
798,8.5
799,8.3
800,8.4
801,8.4
802,8.4
803,8.1
804,7.3
805,7.1
806,6.5
807,6.5
808,6
809,5.8
810,5.3
811,5
812,4.5
813,4
814,3.5
815,3.5
816,2.8
817,2.8
818,3.1
819,3.1
820,3.3
821,3.4
822,3.7
823,4.5
824,4.9
825,4.9
826,5.3
827,6.1
828,6.4
829,7
830,7.4
831,7.4
832,6.3
833,5.9
834,5.6
835,5.4
836,4.9
837,4.5
838,4.4
839,4.1
840,3.9
841,3.5
842,3.6
843,4.7
844,4.8
845,5.1
846,5.1
847,5
848,5.4
849,5.7
850,6.2
851,6.7
852,7.2
853,7.2
854,7
855,6.8
856,6.4
857,6.4
858,6.3
859,6
860,5.9
861,5.7
862,5.6
863,5.4
864,4.8
865,4.6
866,4.7
867,4.8
868,4.9
869,5
870,5
871,4.9
872,5
873,5.2
874,5.6
875,5.7
876,5.5
877,5.2
878,5
879,4.7
880,4.4
881,4.3
882,4.4
883,4.5
884,4.7
885,5.2
886,5.7
887,5.9
888,6.3
889,6.6
890,7.1
891,7.3
892,7.4
893,7.5
894,7.7
895,7.9
896,8.1
897,8.3
898,8.4
899,8.3
900,8.2
901,8.3
902,8.3
903,8.1
904,8
905,8
906,8.1
907,8.2
908,8.3
909,8.3
910,8.2
911,8.1
912,8
913,7.8
914,7.6
915,7.5
916,7.4
917,7.2
918,7
919,6.6
920,6.6
921,6.8
922,6.8
923,6.8
924,6.7
925,6.2
926,6.1
927,6.1
928,6.1
929,6.1
930,6.1
931,5.9
932,5.8
933,5.6
934,5.5
935,5.5
936,5.4
937,5.3
938,5.2
939,5.1
940,5
941,5.1
942,5.1
943,5.2
944,5.2
945,5.4
946,5.4
947,5.9
948,5.4
949,5.5
950,5.2
951,5
952,5
953,5
954,4.9
955,4.9
956,4.8
957,4.7
958,4.6
959,4.5
960,4.5
961,4.5
962,4.4
963,4.3
964,4
965,3.8
966,3.6
967,3.6
968,3.6
969,3.6
970,3.6
971,3.6
972,3.6
973,3.6
974,3.6
975,3.6
976,3.7
977,3.5
978,3.5
979,3.6
980,3.6
981,3.7
982,3.9
983,4.1
984,4.5
985,4.5
986,4.7
987,4.6
988,4.7
989,4.7
990,4.8
991,4.8
992,4.8
993,4.8
994,4.7
995,4.5
996,4.5
997,4.3
998,4.2
999,4.1
1000,4.1
1001,4.1
1002,4
1003,4
1004,4.1
1005,4.2
1006,4.2
1007,4.3
1008,4.4
1009,4.4
1010,4.3
1011,4.1
1012,4.1
1013,4.3
1014,4.4
1015,4.5
1016,4.4
1017,4.2
1018,4.2
1019,4.3
1020,4.4
1021,4.2
1022,4.2
1023,4.2
1024,4.3
1025,4.5
1026,4.8
1027,5.2
1028,5.5
1029,5.7
1030,5.8
1031,5.9
1032,6
1033,6.2
1034,6.5
1035,6.8
1036,6.8
1037,6.9
1038,6.8
1039,6.5
1040,6.3
1041,6.4
1042,6.4
1043,6.5
1044,6.7
1045,6.7
1046,7
1047,6.9
1048,6.7
1049,6.3
1050,6.1
1051,5.9
1052,5.9
1053,5.8
1054,5.9
1055,5.9
1056,5.8
1057,5.9
1058,6.1
1059,6.2
1060,6.1
1061,5.8
1062,6.2
1063,5.7
1064,6
1065,4.8
1066,5.8
1067,6.5
1068,5.9
1069,6.4
1070,6.2
1071,5.4
1072,5.2
1073,5.3
1074,5
1075,4.9
1076,5.2
1077,5.2
1078,5.6
1079,5.6
1080,5.5
1081,5.3
1082,5.2
1083,5.1
1084,5.3
1085,5.5
1086,5.6
1087,5.7
1088,5.9
1089,6.1
1090,6.1
1091,6.4
1092,6.7
1093,7
1094,7.5
1095,7.1
1096,7.8
1097,8
1098,8.2
1099,7.9
1100,7.6
1101,7.5
1102,7.5
1103,7.5
1104,7.6
1105,7.7
1106,7.8
1107,7.9
1108,8.2
1109,8.3
1110,8.5
1111,8.7
1112,8.8
1113,8.8
1114,8.7
1115,8.5
1116,8.3
1117,8.9
1118,8.8
1119,8
1120,7.4
1121,7.5
1122,7.4
1123,7.4
1124,7.3
1125,7.2
1126,7.2
1127,7.1
1128,7
1129,6.8
1130,6.7
1131,6.6
1132,6.4
1133,6.2
1134,5.8
1135,5.7
1136,5.3
1137,5.2
1138,6.1
1139,6.9
1140,7.2
1141,7.4
1142,6.6
1143,5.7
1144,5.3
1145,4.8
1146,4.1
1147,4.3
1148,4.4
1149,4.2
1150,3.5
1151,3.6
1152,3.6
1153,4.5
1154,4.9
1155,5.2
1156,5
1157,5
1158,4.8
1159,4.5
1160,4.1
1161,3.8
1162,4
1163,3.7
1164,3.6
1165,3
1166,2.5
1167,1.6
1168,1.3
1169,1
1170,0.8
1171,0.3
1172,-0.1
1173,-0.6
1174,-0.2
1175,-0.3
1176,-0.6
1177,-0.6
1178,-0.5
1179,-0.4
1180,-0.5
1181,-0.5
1182,-0.6
1183,-0.8
1184,-0.8
1185,-0.6
1186,-0.4
1187,-0.3
1188,-0.7
1189,-0.4
1190,-0.9
1191,-3.1
1192,-3.9
1193,-4.6
1194,-5
1195,-5.2
1196,-5.5
1197,-5.9
1198,-6.2
1199,-6.3
1200,-6.3
1201,-6.4
1202,-5
1203,-4.5
1204,-3.4
1205,-2.6
1206,-1.8
1207,-1.1
1208,-0.5
1209
1210,0.3
1211,0.5
1212,0.7
1213,0.9
1214,1
1215,1.1
1216,1.1
1217,1.1
1218,1.4
1219,1.1
1220,0.9
1221,0.1
1222,-0.1
1223,-1.2
1224,-2.9
1225,-2.1
1226,-2.2
1227,-3.6
1228,-4.5
1229,-2.8
1230,-5.5
1231,-6.5
1232,-7.1
1233,-6.8
1234,-3.6
1235,-1.6
1236,-1.4
1237,-1
1238,-1.8
1239,-3.6
1240,-3.4
1241,-4.9
1242,-2.9
1243,-4.2
1244,-3.2
1245,-1.2
1246,-0.3
1247,0.2
1248,0.4
1249,0.8
1250,0.9
1251,0.8
1252,0.8
1253,0.8
1254,0.8
1255,0.8
1256,0.7
1257,0.7
1258,0.7
1259,0.6
1260,0.5
1261,0.4
1262,-0.2
1263,-0.2
1264,-0.4
1265,-0.5
1266,-0.7
1267,-0.8
1268,-1.4
1269,-1.5
1270,-1.6
1271,-1.7
1272,-1.6
1273,-2.2
1274,-2.6
1275,-2.9
1276,-3
1277,-3.4
1278,-3.6
1279,-3.8
1280,-3.5
1281,-3
1282,-2
1283,-1
1284,0.4
1285,1.1
1286,1.2
1287,1
1288,1.1
1289,1.2
1290,1
1291,0.6
1292,0.9
1293,0.5
1294,0.3
1295
1296,-1.7
1297,-2.8
1298,-3.6
1299,-2.8
1300,-4.3
1301,-4.5
1302,-3.9
1303,-5.3
1304,-5.4
1305,-4.1
1306,-2.2
1307,-1.1
1308,-0.4
1309,0.1
1310,-0.3
1311,-0.7
1312,-2.1
1313,-2.1
1314,-3.2
1315,-2.8
1316,-4.8
1317,-6.6
1318,-7.6
1319,-8.1
1320,-8
1321,-6.2
1322,-5.4
1323,-3.8
1324,-5.8
1325,-6
1326,-6
1327,-6.6
1328,-7.9
1329,-8
1330,-5.3
1331,-2.9
1332,-2.3
1333,-2
1334,-3.7
1335,-5.6
1336,-7.1
1337,-8
1338,-8.3
1339,-7.8
1340,-8
1341,-8.5
1342,-9.1
1343,-9.4
1344,-9.8
1345,-10.5
1346,-10.5
1347,-8.3
1348,-7.6
1349,-7.6
1350,-5
1351,-4.6
1352,-3.1
1353,-3
1354,-2.2
1355,-1.8
1356,-1.3
1357,-1.2
1358,-1.5
1359,-1.8
1360,-2.2
1361,-2.5
1362,-2.8
1363,-3.5
1364,-4
1365,-3.3
1366,-3.5
1367,-3.4
1368,-3.3
1369,-3.1
1370,-3.3
1371,-3.8
1372,-4.7
1373,-4.9
1374,-3.8
1375,-4
1376,-4.1
1377,-3.5
1378,-3.4
1379,-2.9
1380,-3
1381,-3.6
1382,-3.4
1383,-4
1384,-4.3
1385,-4.6
1386,-4.7
1387,-4.9
1388,-5
1389,-5.3
1390,-5.5
1391,-5.3
1392,-5.4
1393,-5.5
1394,-5.3
1395,-5.6
1396,-5.8
1397,-5.7
1398,-6.1
1399,-6.2
1400,-6.4
1401,-6.2
1402,-5.7
1403,-5.4
1404,-5.2
1405,-4.9
1406,-5.1
1407,-5
1408,-4.4
1409,-4.6
1410,-4.6
1411,-4.6
1412,-4.7
1413,-4.3
1414,-3.6
1415,-2.7
1416,-3
1417,-3.1
1418,-2.8
1419,-2.3
1420,-2.6
1421,-1.8
1422,-1.3
1423,-0.4
1424,-0.8
1425,-0.8
1426,-0.3
1427,0.4
1428,0.9
1429,1.2
1430,1.2
1431,0.7
1432,0.7
1433,1.3
1434,1.6
1435,1.4
1436,1
1437,0.5
1438
1439,-0.5
1440,-0.8
1441,-1
1442,-0.7
1443,-0.4
1444,-0.1
1445,0.3
1446,1
1447,1.2
1448,2.1
1449,2.8
1450,2.6
1451,2.1
1452,1.8
1453,1.8
1454,1.6
1455,1.5
1456,1.7
1457,2
1458,1.8
1459,1.4
1460,1.4
1461,1.5
1462,1.3
1463,1.2
1464,1
1465,0.7
1466,0.5
1467,0.5
1468,0.6
1469,0.5
1470,0.2
1471,-0.5
1472,-1.2
1473,-1.6
1474,-1.2
1475,-1.6
1476,-1.5
1477,-1.9
1478,-2.6
1479,-2.9
1480,-3.2
1481,-3.8
1482,-4.1
1483,-4.5
1484,-5
1485,-5
1486,-4.8
1487,-5.2
1488,-5.4
1489,-5.2
1490,-5.1
1491,-4.6
1492,-3.8
1493,-3.3
1494,-2.9
1495,-2.6
1496,-2.4
1497,-2.3
1498,-2.1
1499,-2.2
1500,-2
1501,-2
1502,-2
1503,-2.1
1504,-2
1505,-2
1506,-1.9
1507,-1.9
1508,-1.9
1509,-1.9
1510,-2
1511,-2
1512,-2
1513,-1.9
1514,-1.8
1515,-1.8
1516,-1.9
1517,-2.1
1518,-2.2
1519,-2.3
1520,-2.3
1521,-2.5
1522,-2.2
1523,-1.9
1524,-1.7
1525,-1.6
1526,-1.6
1527,-1.7
1528,-1.9
1529,-2
1530,-1.9
1531,-1.9
1532,-1.7
1533,-1.6
1534,-1.4
1535,-1.3
1536,-1.1
1537,-1
1538,-0.8
1539,-0.7
1540,-0.4
1541,-0.1
1542,0.1
1543,0.4
1544,0.6
1545,0.8
1546,1
1547,1.2
1548,1.4
1549,1.8
1550,2.2
1551,2.6
1552,3.1
1553,3.5
1554,3.8
1555,3.9
1556,4
1557,4
1558,3.9
1559,3.3
1560,3.1
1561,3.1
1562,3
1563,2.7
1564,2.5
1565,2.5
1566,2.5
1567,2
1568,1.6
1569,1.2
1570,1.2
1571,1.5
1572,1.4
1573,0.8
1574,0.7
1575,0.6
1576,0.8
1577,0.9
1578,0.4
1579,0.2
1580,0.5
1581
1582,-0.2
1583,-0.2
1584,-0.3
1585,-0.2
1586,-0.5
1587,-0.8
1588,-1.4
1589,-1.6
1590,-1.7
1591,-1.9
1592,-2
1593,-1.8
1594,-1.2
1595,-0.5
1596,-0.3
1597,-0.2
1598,-1.1
1599,-1.5
1600,-1.9
1601,-2.1
1602,-3.1
1603,-3.8
1604,-4.3
1605,-2.5
1606,-1.9
1607,-1.7
1608,-1.5
1609,-1.5
1610,-1.3
1611,-1.1
1612,-0.9
1613,-0.7
1614,-0.1
1615,0.2
1616,0.5
1617,0.5
1618,0.7
1619,0.7
1620,0.5
1621,0.3
1622,-0.3
1623,-0.5
1624,-0.5
1625,-0.5
1626,-0.5
1627,-0.7
1628,-0.7
1629,-0.8
1630,-0.9
1631,-1
1632,-1
1633,-1
1634,-0.9
1635,-0.7
1636,-0.7
1637,-0.5
1638,-0.3
1639
1640,0.2
1641,0.2
1642,0.3
1643,0.5
1644,0.6
1645,0.7
1646,0.8
1647,0.9
1648,1
1649,1
1650,0.9
1651,0.7
1652,0.8
1653,1.1
1654,1.6
1655,1.8
1656,2.3
1657,2.5
1658,3
1659,3.2
1660,3.4
1661,3.4
1662,3.7
1663,3.7
1664,3.5
1665,3.2
1666,2.9
1667,2.9
1668,2.7
1669,2.9
1670,3.1
1671,3.4
1672,3.6
1673,3.7
1674,3.6
1675,3.5
1676,3.5
1677,3.4
1678,3
1679,2.9
1680,2.6
1681,2.1
1682,2.2
1683,2.2
1684,2.1
1685,2.2
1686,2.1
1687,2.1
1688,1.9
1689,1.9
1690,2
1691,2.1
1692,1.8
1693,1.7
1694,1.5
1695,1.3
1696,1.1
1697,1
1698,0.8
1699,0.6
1700,0.6
1701,0.7
1702,0.8
1703,0.9
1704,1
1705,1.1
1706,1.3
1707,1.3
1708,1.4
1709,1.2
1710,1.1
1711,0.9
1712,0.6
1713,0.5
1714,0.5
1715,0.5
1716,0.5
1717,0.2
1718,0.5
1719,0.7
1720,0.8
1721,0.9
1722,0.6
1723,0.7
1724,0.4
1725,0.3
1726,0.1
1727,-0.1
1728
1729,0.2
1730,0.3
1731,0.4
1732,0.4
1733,0.4
1734,0.2
1735,0.3
1736,0.2
1737,-0.1
1738,-0.1
1739
1740,0.2
1741
1742,-0.1
1743,-0.5
1744,-0.4
1745,-0.7
1746,-0.9
1747,-1.1
1748,-1.2
1749,-1.9
1750,-2.3
1751,-3.7
1752,-2.9
1753,-4.2
1754,-1.5
1755,-3.3
1756,-2.3
1757,-1.9
1758,-1.6
1759,-1.6
1760,-1.6
1761,-1.5
1762,-1.4
1763,-1.7
1764,-2.2
1765,-2.3
1766,-3.7
1767,-1.8
1768,-1.6
1769,-1.6
1770,-2
1771,-2.3
1772,-2.4
1773,-2.5
1774,-2.7
1775,-2.9
1776,-3
1777,-3.3
1778,-3.3
1779,-3.6
1780,-3.8
1781,-3.9
1782,-4.1
1783,-4.1
1784,-4.1
1785,-4.3
1786,-4.5
1787,-4.7
1788,-5
1789,-5.1
1790,-5.2
1791,-5.2
1792,-5.3
1793,-5.5
1794,-5.4
1795,-5.6
1796,-5.6
1797,-5.9
1798,-6.2
1799,-6.4
1800,-6.4
1801,-6.4
1802,-6.4
1803,-6.5
1804,-6.4
1805,-6.5
1806,-6.6
1807,-6.7
1808,-6.9
1809,-7.1
1810,-7.4
1811,-7.6
1812,-7.6
1813,-7.4
1814,-7.6
1815,-7.3
1816,-7
1817,-6.7
1818,-6.5
1819,-6.3
1820,-6.4
1821,-6.3
1822,-6
1823,-5.8
1824,-5.7
1825,-5.8
1826,-5.8
1827,-5.6
1828,-5.5
1829,-5.5
1830,-5.5
1831,-5.5
1832,-5.6
1833,-5.7
1834,-5.7
1835,-5.4
1836,-5.1
1837,-5.2
1838,-5.3
1839,-5.4
1840,-5.3
1841,-5.2
1842,-5.2
1843,-5
1844,-4.9
1845,-4.8
1846,-4.4
1847,-4
1848,-3.5
1849,-3.2
1850,-2.9
1851,-2.6
1852,-2.4
1853,-2.4
1854,-2.3
1855,-2.4
1856,-2.3
1857,-2
1858,-1.5
1859,-1.5
1860,-1.4
1861,-1.4
1862,-1.4
1863,-1.3
1864,-1.2
1865,-1.1
1866,-1
1867,-1
1868,-1
1869,-0.9
1870,-0.8
1871,-0.5
1872,-0.6
1873,-0.7
1874,-0.9
1875,-0.9
1876,-1
1877,-1
1878,-0.9
1879,-0.9
1880,-0.8
1881,-0.8
1882,-0.8
1883,-1.5
1884,-0.9
1885,-1.2
1886,-1.6
1887,-1.5
1888,-1.5
1889,-1.2
1890,-1.2
1891,-1.1
1892,-0.9
1893,-0.8
1894,-0.7
1895,-0.7
1896,-0.6
1897,-0.5
1898,-0.5
1899,-0.5
1900,-0.6
1901,-0.7
1902,-0.7
1903,-1
1904,-1.1
1905,-1.1
1906,-0.9
1907,-0.7
1908,-1.2
1909,-0.7
1910,-1
1911,-1.4
1912,-1.1
1913,-1
1914,-1.2
1915,-1.4
1916,-1.5
1917,-1.5
1918,-2.4
1919,-1.8
1920,-1.8
1921,-1.9
1922,-2
1923,-2.3
1924,-2
1925,-2
1926,-2.5
1927,-2.6
1928,-2.7
1929,-2.7
1930,-2.7
1931,-2.6
1932,-2.8
1933,-3
1934,-3.5
1935,-4.1
1936,-4.6
1937,-5.4
1938,-5.4
1939,-5.8
1940,-5.4
1941,-6
1942,-6
1943,-6.1
1944,-6.4
1945,-6.5
1946,-6.8
1947,-7.2
1948,-7.3
1949,-7.3
1950,-7.3
1951,-7.3
1952,-7.2
1953,-7.1
1954,-7.3
1955,-7.3
1956,-7.1
1957,-7.2
1958,-7.3
1959,-7.6
1960,-7.6
1961,-7.6
1962,-7.8
1963,-7.9
1964,-8.1
1965,-8.3
1966,-8.6
1967,-9
1968,-9.9
1969,-11.3
1970,-11.7
1971,-10.6
1972,-10.2
1973,-9.9
1974,-9.6
1975,-9.6
1976,-9.5
1977,-9.5
1978,-9.4
1979,-9.1
1980,-8.9
1981,-8.9
1982,-9
1983,-9.4
1984,-9.5
1985,-9.6
1986,-9.8
1987,-9.9
1988,-9.8
1989,-9.8
1990,-9.8
1991,-9.8
1992,-9.9
1993,-9.8
1994,-9.8
1995,-9.8
1996,-9.9
1997,-9.7
1998,-9.6
1999,-9.4
2000,-9.3
2001,-9.4
2002,-9.1
2003,-9
2004,-8.6
2005,-8.8
2006,-9.8
2007,-12
2008,-12.2
2009,-13.2
2010,-13.2
2011,-15
2012,-15.8
2013,-16.5
2014,-16.7
2015,-17
2016,-17.6
2017,-17.6
2018,-16.2
2019,-13.8
2020,-14
2021,-15.1
2022,-13.4
2023,-12.3
2024,-11.1
2025,-10.3
2026,-9.4
2027,-8.8
2028,-8.2
2029,-8.1
2030,-8.1
2031,-7.9
2032,-7.3
2033,-6.8
2034,-6.5
2035,-6
2036,-5.8
2037,-5.6
2038,-5.7
2039,-6.6
2040,-6.4
2041,-6
2042,-5.1
2043,-4.3
2044,-3.5
2045,-3
2046,-2.5
2047,-2
2048,-1.5
2049,-1
2050,-0.5
2051,-0.2
2052,0.4
2053,0.9
2054,1.5
2055,2
2056,2
2057,1.6
2058,1.7
2059,2.9
2060,2.8
2061,2.1
2062,1.8
2063,1
2064,0.6
2065,0.1
2066,0.7
2067,1.4
2068,1.5
2069,1.4
2070,1.3
2071,1
2072,0.6
2073,0.9
2074,0.5
2075,0.7
2076,0.4
2077,0.6
2078,0.5
2079
2080,-0.1
2081,-0.4
2082,-0.5
2083,-0.7
2084,-1.1
2085,-1.7
2086,-1.9
2087,-2.2
2088,-2.4
2089,-2.6
2090,-2.2
2091,-1.8
2092,-1.6
2093,-1.5
2094,-1.2
2095,-1.2
2096,-1
2097,-0.7
2098,-0.4
2099,-0.1
2100,0.1
2101,0.2
2102,0.2
2103,0.2
2104,0.2
2105,0.1
2106,-0.2
2107,-0.5
2108,-0.4
2109,-0.7
2110,-0.7
2111,-0.5
2112,-0.6
2113,-0.4
2114,-0.2
2115,0.1
2116
2117,-0.1
2118,-0.1
2119,-0.2
2120,-0.2
2121,-0.3
2122,-0.4
2123,-0.6
2124,-0.5
2125,-0.4
2126,-0.7
2127,-0.9
2128,-1.2
2129,-1.3
2130,-1.3
2131,-1.3
2132,-1.7
2133,-2
2134,-2
2135,-2.3
2136,-2.7
2137,-2.9
2138,-3.1
2139,-3.2
2140,-3.2
2141,-3.4
2142,-3.4
2143,-3.2
2144,-3.1
2145,-2.9
2146,-2.3
2147,-1.6
2148,-0.8
2149,0.1
2150,0.5
2151,0.6
2152,0.8
2153,0.8
2154,0.7
2155,-0.5
2156,-1.4
2157,-0.7
2158,-1.2
2159,-2.2
2160,-1.3
2161,-1.4
2162,-2.4
2163,-1.4
2164,-1.3
2165,-2.5
2166,-2.9
2167,-4
2168,-5.2
2169,-6.2
2170,-4.9
2171,-3.8
2172,-3.2
2173,-2.7
2174,-2.9
2175,-2.7
2176,-2.5
2177,-2.9
2178,-3.4
2179,-3.6
2180,-3.7
2181,-3.4
2182,-3.8
2183,-4.5
2184,-4.9
2185,-5.2
2186,-5.4
2187,-5.7
2188,-6.1
2189,-6.4
2190,-6.6
2191,-6.5
2192,-6.6
2193,-6.4
2194,-6.1
2195,-5.5
2196,-4.9
2197,-4.7
2198,-4.2
2199,-3.5
2200,-2.9
2201,-2
2202,-1.6
2203,-1.2
2204,-0.7
2205,-0.2
2206,0.2
2207,0.6
2208,0.7
2209,0.7
2210,0.8
2211,0.8
2212,0.9
2213,1.1
2214,1.4
2215,1.7
2216,1.9
2217,1.7
2218,1.7
2219,1.7
2220,1.7
2221,1.3
2222,0.6
2223,0.2
2224,0.3
2225,0.4
2226,0.6
2227,0.4
2228,0.4
2229,0.2
2230,-0.4
2231,-0.8
2232,-1.3
2233,-2.1
2234,-2.9
2235,-2.7
2236,-2.9
2237,-3.8
2238,-4.2
2239,-4.4
2240,-4.7
2241,-5.1
2242,-5.3
2243,-5.4
2244,-5.8
2245,-5.6
2246,-5.9
2247,-6
2248,-5.9
2249,-5.8
2250,-6.1
2251,-6.4
2252,-6.9
2253,-6.8
2254,-7.5
2255,-7
2256,-7.4
2257,-7.9
2258,-8.1
2259,-8.1
2260,-8.4
2261,-8.3
2262,-8.9
2263,-10.1
2264,-10.4
2265,-11.7
2266,-10.3
2267,-9.5
2268,-10
2269,-10.2
2270,-11.5
2271,-14
2272,-15.1
2273,-16.1
2274,-15.8
2275,-14.4
2276,-11.4
2277,-10.5
2278,-9.5
2279,-9
2280,-7.7
2281,-7.8
2282,-7
2283,-6.1
2284,-5.1
2285,-4.2
2286,-3.8
2287,-2.9
2288,-2.7
2289,-2.6
2290,-2.2
2291,-1.2
2292,-0.9
2293,-0.6
2294,-0.5
2295,-0.5
2296,-0.5
2297,-0.4
2298,-0.7
2299,-1.4
2300,-2.2
2301,-2.5
2302,-3.1
2303,-3.4
2304,-4
2305,-4.4
2306,-4.9
2307,-5.4
2308,-6.1
2309,-6.3
2310,-6.6
2311,-7
2312,-7.2
2313,-7.2
2314,-7.4
2315,-7.2
2316,-6.9
2317,-6.3
2318,-6.1
2319,-6.1
2320,-6.2
2321,-6.1
2322,-5.8
2323,-5.8
2324,-5.7
2325,-5.8
2326,-5.6
2327,-5.4
2328,-5.3
2329,-5.1
2330,-5
2331,-4.9
2332,-4.7
2333,-4.4
2334,-4.1
2335,-4.1
2336,-3.4
2337,-3.1
2338,-3
2339,-2.9
2340,-2.8
2341,-2.7
2342,-2.5
2343,-2.1
2344,-1.8
2345,-1.5
2346,-1.3
2347,-1.3
2348,-1.1
2349,-0.9
2350,-0.5
2351,-0.1
2352,0.2
2353,0.5
2354,0.6
2355,0.7
2356,0.8
2357,1
2358,1.4
2359,1.4
2360,1.3
2361,0.8
2362,0.5
2363,0.2
2364,0.4
2365
2366,-0.2
2367,-1
2368,-0.2
2369,-0.2
2370,-0.2
2371,-0.4
2372,-0.7
2373,-0.8
2374,-0.8
2375,-0.9
2376,-1
2377,-0.9
2378,-1
2379,-1.2
2380,-1.1
2381,-1.1
2382,-1.1
2383,-1.2
2384,-1.2
2385,-1.2
2386,-1.1
2387,-0.9
2388,-1
2389,-1.2
2390,-1.3
2391,-1.3
2392,-1.4
2393,-1.4
2394,-1.5
2395,-1.5
2396,-1.6
2397,-1.5
2398,-1.5
2399,-1.6
2400,-1.8
2401,-2
2402,-2.4
2403,-2.7
2404,-3.1
2405,-3.4
2406,-3.7
2407,-3.9
2408,-4
2409,-4.5
2410,-4.7
2411,-4.3
2412,-3.8
2413,-3.3
2414,-3.1
2415,-3.4
2416,-3.3
2417,-3.3
2418,-3.4
2419,-4.6
2420,-4.8
2421,-5.3
2422,-5.4
2423,-5.6
2424,-5.9
2425,-6.2
2426,-6.6
2427,-6.9
2428,-7.1
2429,-7.6
2430,-7.7
2431,-8
2432,-8.4
2433,-8.4
2434,-8.3
2435,-8.1
2436,-8
2437,-8
2438,-8.1
2439,-8
2440,-7.8
2441,-7.7
2442,-7
2443,-6.2
2444,-4.6
2445,-3.2
2446,-1.8
2447,-1.4
2448,-0.8
2449,-0.6
2450,-0.2
2451
2452
2453,0.5
2454,0.9
2455,0.7
2456,1
2457,0.5
2458,0.2
2459,0.5
2460,1.2
2461,1.3
2462,0.9
2463,1.1
2464,1
2465,0.7
2466,1
2467,1.7
2468,1.9
2469,1.5
2470,1
2471,0.6
2472,0.5
2473,-0.3
2474,-0.5
2475,-1
2476,-1.7
2477,-2.6
2478,-2.6
2479,-2.8
2480,-3.1
2481,-3.2
2482,-2.7
2483,-2.4
2484,-1.7
2485,-2.1
2486,-3.1
2487,-5.1
2488,-7.1
2489,-7.8
2490,-9
2491,-9.4
2492,-9.3
2493,-10.9
2494,-12.1
2495,-12.6
2496,-11.9
2497,-10.9
2498,-10.6
2499,-10.2
2500,-9.8
2501,-10
2502,-11.7
2503,-12
2504,-12.9
2505,-12.7
2506,-11.8
2507,-9.6
2508,-7.2
2509,-5.6
2510,-4.8
2511,-4.2
2512,-3.6
2513,-3.1
2514,-2.6
2515,-2.3
2516,-2.4
2517,-2.1
2518,-2
2519,-2
2520,-2
2521,-2
2522,-2
2523,-2.1
2524,-2.2
2525,-2.2
2526,-2.4
2527,-2.7
2528,-3.7
2529,-3.9
2530,-3.8
2531,-4
2532,-3.9
2533,-3.8
2534,-4.3
2535,-4.9
2536,-6.8
2537,-6
2538,-5.5
2539,-7.9
2540,-10.3
2541,-12.4
2542,-11.6
2543,-9.7
2544,-9.2
2545,-9.2
2546,-6.6
2547,-6.7
2548,-6.9
2549,-6.7
2550,-6.7
2551,-6.6
2552,-6.6
2553,-6.7
2554,-6.7
2555,-6.6
2556,-6.4
2557,-6.1
2558,-5.8
2559,-5.5
2560,-5.2
2561,-5
2562,-4.8
2563,-4.7
2564,-4.4
2565,-4.3
2566,-4.2
2567,-4.2
2568,-4.3
2569,-4.5
2570,-4.7
2571,-4.9
2572,-5.5
2573,-5.9
2574,-6.3
2575,-7
2576,-7.5
2577,-7.9
2578,-7.5
2579,-7.6
2580,-7.8
2581,-8
2582,-7.9
2583,-8.6
2584,-9.1
2585,-9.4
2586,-9.5
2587,-9.5
2588,-9.7
2589,-9.7
2590,-9.2
2591,-8.8
2592,-8.4
2593,-8.1
2594,-7.9
2595,-7.9
2596,-7.6
2597,-7.3
2598,-7.2
2599,-7.1
2600,-6.9
2601,-6.9
2602,-7.3
2603,-7.4
2604,-7.4
2605,-7.6
2606,-7.7
2607,-8.2
2608,-8.5
2609,-8.5
2610,-8.7
2611,-8.8
2612,-8.2
2613,-9.1
2614,-9.9
2615,-9.6
2616,-10
2617,-8.9
2618,-8.5
2619,-8.3
2620,-8.3
2621,-8.6
2622,-9.1
2623,-10.5
2624,-14.5
2625,-16.1
2626,-15.5
2627,-13.3
2628,-11.4
2629,-10.3
2630,-11.1
2631,-12
2632,-14.3
2633,-15.5
2634,-16.5
2635,-15.1
2636,-16
2637,-17.5
2638,-17.8
2639,-19
2640,-19.8
2641,-19.7
2642,-16.5
2643,-14.1
2644,-12.6
2645,-13.3
2646,-14.7
2647,-14.6
2648,-16.4
2649,-17.1
2650,-16.4
2651,-14.4
2652,-13.1
2653,-11.6
2654,-10
2655,-5.7
2656,-5.2
2657,-4.7
2658,-4.4
2659,-3.9
2660,-4.3
2661,-6.4
2662,-6.1
2663,-5.5
2664,-4.9
2665,-6.2
2666,-6.8
2667,-6.9
2668,-8.5
2669,-10.5
2670,-11.2
2671,-13
2672,-13.9
2673,-12.8
2674,-10.3
2675,-9.7
2676,-9.4
2677,-9.3
2678,-9.5
2679,-10.8
2680,-10.6
2681,-11.2
2682,-11.9
2683,-12.6
2684,-12.4
2685,-15.2
2686,-17
2687,-18.1
2688,-19.3
2689,-20.2
2690,-21
2691,-21.1
2692,-22.1
2693,-22.6
2694,-22.6
2695,-23
2696,-22.8
2697,-22.6
2698,-21.6
2699,-17.5
2700,-17.1
2701,-17.4
2702,-17.3
2703,-20
2704,-21.8
2705,-22.6
2706,-23.5
2707,-24.2
2708,-24.9
2709,-25.1
2710,-25.3
2711,-25.6
2712,-26
2713,-25.9
2714,-25.1
2715,-25.1
2716,-21.6
2717,-19.6
2718,-18.5
2719,-17.5
2720,-16.4
2721,-15.6
2722,-14.4
2723,-12.5
2724,-10.9
2725,-9.9
2726,-9.6
2727,-9.8
2728,-10.2
2729,-9.8
2730,-9.5
2731,-8.9
2732,-8.7
2733,-7.9
2734,-7.3
2735,-7.2
2736,-7.6
2737,-7.5
2738,-6.7
2739,-6.3
2740,-6.1
2741,-6.2
2742,-5.8
2743,-5.2
2744,-5
2745,-4.4
2746,-3.4
2747,-2.5
2748,-2.1
2749,-1.8
2750,-1.9
2751,-2.2
2752,-2.4
2753,-2.8
2754,-3
2755,-3
2756,-3.4
2757,-4.2
2758,-4.5
2759,-5
2760,-5.5
2761,-6.6
2762,-8
2763,-9.6
2764,-10.9
2765,-11.9
2766,-13.6
2767,-13.8
2768,-15.5
2769,-14.4
2770,-14.3
2771,-13.1
2772,-12.5
2773,-13.1
2774,-13
2775,-12.9
2776,-13
2777,-12.8
2778,-12.6
2779,-12.2
2780,-11.9
2781,-11.4
2782,-10.6
2783,-9.9
2784,-9.8
2785,-9.7
2786,-9.4
2787,-8.9
2788,-8.5
2789,-8.3
2790,-8
2791,-7.8
2792,-7.2
2793,-6.6
2794,-5.7
2795,-5.2
2796,-4.7
2797,-4.2
2798,-3.8
2799,-3.9
2800,-3.7
2801,-3.7
2802,-3.5
2803,-3.5
2804,-3.8
2805,-4.1
2806,-4.6
2807,-5.3
2808,-6.3
2809,-6.7
2810,-7.1
2811,-7.6
2812,-7.6
2813,-7.8
2814,-8.1
2815,-8.5
2816,-9.2
2817,-9.3
2818,-9.4
2819,-9.6
2820,-9.6
2821,-9.5
2822,-9.6
2823,-9.8
2824,-10
2825,-10
2826,-10.1
2827,-10.4
2828,-10.8
2829,-11.5
2830,-12
2831,-12.5
2832,-12.9
2833,-14
2834,-16
2835,-17.8
2836,-18.2
2837,-19.7
2838,-21.3
2839,-22.4
2840,-23
2841,-23
2842,-20.4
2843,-18.9
2844,-17.8
2845,-17.9
2846,-17.5
2847,-19.4
2848,-21.3
2849,-22.5
2850,-23.2
2851,-23.9
2852,-24.5
2853,-24.5
2854,-24.2
2855,-21.8
2856,-21
2857,-21.3
2858,-21.1
2859,-22.9
2860,-23.4
2861,-22.4
2862,-20.2
2863,-17.6
2864,-15.8
2865,-14.7
2866,-14
2867,-12.9
2868,-12.4
2869,-12.2
2870,-11.7
2871,-11.3
2872,-11.3
2873,-11.2
2874,-10.8
2875,-10.7
2876,-10.8
2877,-10.6
2878,-10.2
2879,-9.7
2880,-9.2
2881,-8.8
2882,-8.3
2883,-7.8
2884,-7.4
2885,-7.1
2886,-6.7
2887,-6.3
2888,-6
2889,-5.8
2890,-5.7
2891,-5.6
2892,-5.5
2893,-5.4
2894,-5.4
2895,-5.4
2896,-5.5
2897,-6.2
2898,-6.5
2899,-6.8
2900,-7
2901,-7.3
2902,-7.4
2903,-7.6
2904,-8
2905,-8.2
2906,-8.2
2907,-8.2
2908,-8.2
2909,-8.3
2910,-8.6
2911,-8.6
2912,-8.6
2913,-8
2914,-7.4
2915,-7
2916,-6.9
2917,-7
2918,-7.3
2919,-7.4
2920,-7.6
2921,-7.7
2922,-7.7
2923,-7.6
2924,-7.7
2925,-8.2
2926,-10
2927,-11
2928,-12.4
2929,-14.1
2930,-14.7
2931,-13.6
2932,-13.5
2933,-12.5
2934,-11.5
2935,-11
2936,-10.6
2937,-10
2938,-9.6
2939,-9
2940,-8.5
2941,-7.9
2942,-7.5
2943,-7.6
2944,-7.7
2945,-7.8
2946,-8
2947,-7.8
2948,-7.5
2949,-7.4
2950,-7.4
2951,-7.4
2952,-7.4
2953,-7.4
2954,-7.3
2955,-7.3
2956,-7.2
2957,-7
2958,-6.8
2959,-6.6
2960,-6.6
2961,-6.7
2962,-6.3
2963,-6
2964,-5.9
2965,-6
2966,-6.2
2967,-6.7
2968,-7.5
2969,-8.7
2970,-9.5
2971,-10.3
2972,-11.4
2973,-12.1
2974,-12.3
2975,-11.8
2976,-12.1
2977,-12.5
2978,-12
2979,-10.8
2980,-9.8
2981,-9.2
2982,-8.4
2983,-7.8
2984,-7.6
2985,-7.4
2986,-7.2
2987,-6.7
2988,-6.4
2989,-6.5
2990,-6.6
2991,-6.8
2992,-7
2993,-7.2
2994,-7.4
2995,-7.6
2996,-7.8
2997,-8
2998,-8
2999,-7.9
3000,-7.8
3001,-7.8
3002,-7.9
3003,-8.3
3004,-8.5
3005,-8.4
3006,-8.4
3007,-8.5
3008,-8.2
3009,-8.1
3010,-7.6
3011,-7.1
3012,-6.7
3013,-6.1
3014,-5.6
3015,-4.9
3016,-4.5
3017,-4.1
3018,-3.6
3019,-3.2
3020,-2.9
3021,-2.7
3022,-2.1
3023,-1.1
3024,-0.2
3025,-2.7
3026,-3.9
3027,-4.1
3028,-4.4
3029,-4.6
3030,-4.9
3031,-5
3032,-5.4
3033,-5.7
3034,-6.2
3035,-5.9
3036,-6.5
3037,-6.7
3038,-6.8
3039,-7.7
3040,-8.3
3041,-8.6
3042,-8.2
3043,-7.7
3044,-7
3045,-6.5
3046,-6.1
3047,-5.9
3048,-6.4
3049,-5.9
3050,-5.5
3051,-5.8
3052,-5.9
3053,-5.6
3054,-5.2
3055,-4.8
3056,-4.3
3057,-2.9
3058,-1.2
3059,-0.3
3060
3061,0.4
3062,0.6
3063,0.5
3064,0.6
3065,0.5
3066,0.5
3067,0.4
3068,0.4
3069,-1.3
3070,-3.8
3071,-4.8
3072,-6.1
3073,-7.5
3074,-8.3
3075,-9.3
3076,-9.8
3077,-9.7
3078,-9.7
3079,-10.5
3080,-12.2
3081,-12.2
3082,-11.9
3083,-10.4
3084,-9.8
3085,-8.3
3086,-7.3
3087,-6.8
3088,-6.5
3089,-6.1
3090,-5.5
3091,-5.8
3092,-5.5
3093,-6.2
3094,-7.7
3095,-6.7
3096,-6.1
3097,-5.1
3098,-3.8
3099,-3.2
3100,-3
3101,-2.9
3102,-2.8
3103,-2.6
3104,-2.2
3105,-1.9
3106,-1
3107,-0.3
3108,0.4
3109,0.6
3110,0.2
3111,-0.1
3112,-0.4
3113,-0.5
3114,-0.7
3115,-0.9
3116,-0.9
3117,-0.9
3118,-0.9
3119,-0.8
3120,-0.5
3121,-0.2
3122,0.1
3123,0.3
3124,0.6
3125,0.7
3126,0.7
3127,0.6
3128,0.6
3129,0.6
3130,0.6
3131,0.7
3132,0.8
3133,1.1
3134,1.2
3135,1.3
3136,1.2
3137,1.2
3138,1.6
3139,1.5
3140,1.3
3141,1.1
3142,1.1
3143,1
3144,0.7
3145,0.7
3146,0.3
3147,0.7
3148,0.6
3149,0.9
3150,1.2
3151,1.4
3152,1.2
3153,1
3154,1.6
3155,2.2
3156,2
3157,1.6
3158,1.5
3159,1.2
3160,1.1
3161,1.1
3162,1.2
3163,1.3
3164,1.3
3165,1.3
3166,1.2
3167,0.8
3168,0.8
3169,0.5
3170,0.6
3171,0.7
3172,0.8
3173,1
3174,1.3
3175,1.5
3176,1.5
3177,1.8
3178,2
3179,2.4
3180,2.7
3181,2.8
3182,2.9
3183,2.6
3184,2.3
3185,2.1
3186,2.1
3187,1.7
3188,1.7
3189,1.7
3190,1.6
3191,1.5
3192,1.6
3193,1.5
3194,1.5
3195,1.7
3196,1.6
3197,1.6
3198,1.6
3199,1.4
3200,1.3
3201,1.1
3202,0.9
3203,0.5
3204,0.5
3205,0.9
3206,0.6
3207,0.5
3208,0.5
3209,0.5
3210,0.7
3211,0.1
3212
3213,-0.8
3214,-1.3
3215,-1.6
3216,-2
3217,-2.4
3218,-2.8
3219,-3.4
3220,-4.1
3221,-4.7
3222,-5.1
3223,-5.3
3224,-5.4
3225,-4.3
3226,-3.3
3227,-2.8
3228,-2.3
3229,-1.5
3230,-1.3
3231,-1.9
3232,-2.7
3233,-3.3
3234,-3.6
3235,-4
3236,-4.5
3237,-5
3238,-7.3
3239,-8.1
3240,-7.1
3241,-7
3242,-6.1
3243,-5.6
3244,-5.8
3245,-5.4
3246,-4.9
3247,-4.8
3248,-4
3249,-3.3
3250,-2.4
3251,-1.8
3252,-1.2
3253,-0.7
3254,-0.3
3255
3256,0.3
3257,-0.1
3258,0.4
3259,1.4
3260,1.7
3261,2.3
3262,1.9
3263,1.9
3264,2.1
3265,1.9
3266,1.6
3267,0.8
3268
3269,-1
3270,-1.7
3271,-2.6
3272,-2.3
3273,-1.2
3274,-0.1
3275,0.4
3276,0.9
3277,2.1
3278,2.9
3279,3
3280,3
3281,3
3282,3
3283,2.9
3284,2.7
3285,2.8
3286,2.9
3287,3.3
3288,3.9
3289,4.8
3290,5
3291,5.5
3292,5.6
3293,5.8
3294,5.3
3295,5.4
3296,5.4
3297,5.6
3298,5.2
3299,6.3
3300,6.5
3301,6.4
3302,5.6
3303,5.4
3304,5.5
3305,4.9
3306,4.3
3307,3.5
3308,2.7
3309,2.3
3310,1.2
3311,0.5
3312,0.5
3313,1.1
3314,1.1
3315,0.9
3316,1.1
3317,1.1
3318,0.6
3319,0.4
3320,1.3
3321,2.2
3322,3.6
3323,4.7
3324,5.4
3325,6.1
3326,6.2
3327,4.9
3328,4
3329,3
3330,2.1
3331,2.6
3332,2.8
3333,2.7
3334,2
3335,1.9
3336,1.6
3337,1.6
3338,1.1
3339,1.2
3340,1.1
3341,1
3342,0.6
3343,0.3
3344,0.4
3345,0.9
3346,1.6
3347,2.3
3348,2.7
3349,3.2
3350,3
3351,2.5
3352,1.2
3353,-0.3
3354,-2.7
3355,-4.6
3356,-5.8
3357,-6.9
3358,-6.7
3359,-6
3360,-6.8
3361,-7.2
3362,-7
3363,-4.1
3364,-3.1
3365,-3.2
3366,-3.1
3367,-2.6
3368,-2
3369,-1.2
3370,-0.3
3371,0.2
3372,1.6
3373,2.2
3374,2.4
3375,2.9
3376,2.5
3377,2.5
3378,2.8
3379,2.7
3380,2.5
3381,2.6
3382,2.5
3383,2.5
3384,2.6
3385,2.7
3386,2.8
3387,2.7
3388,2.6
3389,3
3390,2.9
3391,2.6
3392,2.6
3393,2.9
3394,3.1
3395,3.1
3396,3
3397,3.1
3398,3.1
3399,2.8
3400,2.5
3401,2.5
3402,2.6
3403,2.4
3404,2.3
3405,2.2
3406,2.2
3407,2.2
3408,2.1
3409,2.1
3410,1.9
3411,1.6
3412,1.3
3413,1.2
3414,1
3415,0.8
3416,-3.1
3417,-3.9
3418,-4.2
3419,-4.3
3420,-4.2
3421,-4.2
3422,-4.2
3423,-4.3
3424,-4.4
3425,-4.3
3426,-4.9
3427,-5.4
3428,-5.6
3429,-6.1
3430,-6.5
3431,-6.9
3432,-7.3
3433,-7.8
3434,-8.3
3435,-8.9
3436,-9.3
3437,-10.2
3438,-11
3439,-11.5
3440,-10.7
3441,-10
3442,-9.4
3443,-7.8
3444,-6.7
3445,-5.5
3446,-5.3
3447,-5.5
3448,-6.1
3449,-7
3450,-8.9
3451,-8.1
3452,-9.2
3453,-10.1
3454,-10.3
3455,-13.3
3456,-14.6
3457,-15.4
3458,-16.1
3459,-16.6
3460,-17
3461,-17.6
3462,-17.8
3463,-17.9
3464,-15.7
3465,-12.3
3466,-10
3467,-8.3
3468,-5.9
3469,-4.7
3470,-4.3
3471,-4.7
3472,-5.8
3473,-7.1
3474,-7.3
3475,-6.5
3476,-6
3477,-5.3
3478,-4.2
3479,-3.7
3480,-2.9
3481,-2.4
3482,-2.1
3483,-2
3484,-1.6
3485,-1.4
3486,-0.9
3487,-0.6
3488,-0.2
3489,0.3
3490,1.2
3491,2.9
3492,4.6
3493,7
3494,7.2
3495,7.3
3496,6.3
3497,5.6
3498,3.7
3499,4.4
3500,3.1
3501,2.7
3502,2.1
3503,1.7
3504,1.3
3505,1
3506,0.4
3507
3508,0.1
3509,0.4
3510,1.2
3511,0.7
3512,0.6
3513,0.8
3514,1.4
3515,1.9
3516,2.5
3517,3.2
3518,3.9
3519,4.4
3520,5
3521,5
3522,4.3
3523,4.4
3524,4.1
3525,4.1
3526,4.8
3527,5
3528,4.9
3529,4.6
3530,4
3531,3.9
3532,3.8
3533,3.6
3534,3.6
3535,3.7
3536,4
3537,4.8
3538,5.5
3539,6.2
3540,6.5
3541,6.8
3542,6.1
3543,5.1
3544,4.5
3545,4
3546,3.5
3547,3.3
3548,2.9
3549,2.7
3550,2.1
3551,0.6
3552,0.5
3553,0.7
3554,0.9
3555,1.6
3556,1.5
3557,1.6
3558,1.5
3559,1.5
3560,1.7
3561,2.1
3562,2.4
3563,2.6
3564,3.1
3565,3.5
3566,3.4
3567,3.3
3568,2.7
3569,2.3
3570,2.1
3571,2
3572,1.8
3573,1.3
3574,1.2
3575,1
3576,1.1
3577,1.2
3578,1.5
3579,1.7
3580,2.1
3581,2.5
3582,2.2
3583,1.9
3584,2.2
3585,2.4
3586,3.1
3587,3.8
3588,4.4
3589,5.5
3590,5.8
3591,5.8
3592,5.8
3593,5.5
3594,5.8
3595,5.3
3596,5.2
3597,5.1
3598,4.6
3599,3.8
3600,3.1
3601,3.1
3602,2.7
3603,2.1
3604,2.2
3605,2.1
3606,1.7
3607,2
3608,1
3609,1
3610,1.6
3611,1.3
3612,1
3613,0.8
3614,0.4
3615,-0.3
3616,-1.3
3617,-2
3618,-2.5
3619,-3.2
3620,-3.6
3621,-4.2
3622,-5.4
3623,-6.1
3624,-6.6
3625,-7
3626,-8
3627,-8.7
3628,-9
3629,-9.7
3630,-10.3
3631,-10.6
3632,-9.7
3633,-8.5
3634,-7
3635,-5.9
3636,-5
3637,-3.8
3638,-3.2
3639,-3.4
3640,-3.5
3641,-4.4
3642,-5.5
3643,-5.6
3644,-5.4
3645,-5.2
3646,-4.9
3647,-4.2
3648,-4.1
3649,-3.5
3650,-3.9
3651,-4.1
3652,-4.6
3653,-4.6
3654,-4.3
3655,-3.8
3656,-3.1
3657,-1.1
3658,0.1
3659,1.1
3660,0.1
3661
3662,0.7
3663,0.6
3664,0.2
3665,-0.8
3666,-2.4
3667,-3.7
3668,-4.8
3669,-5.4
3670,-6.3
3671,-6.5
3672,-6.9
3673,-8.1
3674,-8.9
3675,-9.8
3676,-10.8
3677,-10.9
3678,-11.6
3679,-11.8
3680,-11.2
3681,-10.1
3682,-9.8
3683,-8.7
3684,-7.5
3685,-6.6
3686,-6.2
3687,-6
3688,-6.2
3689,-6.6
3690,-7.4
3691,-8.1
3692,-8.7
3693,-9.1
3694,-8.8
3695,-8.8
3696,-8.6
3697,-8.7
3698,-9.1
3699,-8.8
3700,-8.5
3701,-8.4
3702,-8.2
3703,-8
3704,-7.9
3705,-7.5
3706,-6.8
3707,-5.9
3708,-5.3
3709,-5.1
3710,-4.7
3711,-4.6
3712,-4.8
3713,-4.9
3714,-5
3715,-5
3716,-4.9
3717,-4.9
3718,-5
3719,-5.1
3720,-5.2
3721,-5.1
3722,-5.3
3723,-5.5
3724,-5.9
3725,-6.1
3726,-6.5
3727,-6.6
3728,-7.1
3729,-7.5
3730,-7.3
3731,-6.9
3732,-7.5
3733,-7
3734,-7.2
3735,-7.8
3736,-8.3
3737,-8.8
3738,-9.3
3739,-10
3740,-10.5
3741,-11
3742,-11.8
3743,-13.8
3744,-13.1
3745,-15.7
3746,-17.1
3747,-17.7
3748,-18.3
3749,-19
3750,-18.6
3751,-16.9
3752,-11.6
3753,-9.1
3754,-6.9
3755,-5.9
3756,-5.2
3757,-4.3
3758,-4.9
3759,-4.8
3760,-4.8
3761,-4.6
3762,-4.4
3763,-4.8
3764,-4.9
3765,-4.8
3766,-4.7
3767,-4.4
3768,-4
3769,-3.6
3770,-3.4
3771,-3.1
3772,-2.9
3773,-2.9
3774,-2.5
3775,-1.9
3776,-1.2
3777,-0.2
3778,0.3
3779,0.6
3780,0.9
3781,0.3
3782,0.2
3783,0.2
3784,0.1
3785,0.1
3786,0.2
3787,0.3
3788,0.3
3789,0.3
3790,0.1
3791,0.1
3792,0.1
3793,0.1
3794,0.3
3795,0.5
3796,0.8
3797,1
3798,1.5
3799,2.5
3800,3
3801,3
3802,3.3
3803,3.7
3804,3.3
3805,3.4
3806,3.8
3807,3.4
3808,2.8
3809,2.6
3810,2.1
3811,1.7
3812,1.1
3813,1.2
3814,1.4
3815,1.3
3816,1.2
3817,1.1
3818,-1.5
3819,-3.4
3820,-3.7
3821,-4
3822,-4.3
3823,-4.7
3824,-4.6
3825,-4
3826,-3.3
3827,-2
3828,-1.7
3829,-1
3830,-0.5
3831
3832,-0.3
3833,-0.9
3834,-1.2
3835,-1.1
3836,-1.5
3837,-1.8
3838,-2.3
3839,-2.5
3840,-2.6
3841,-2.7
3842,-3.2
3843,-3.6
3844,-3.9
3845,-3.9
3846,-3.8
3847,-5
3848,-4
3849,-3.4
3850,-3
3851,-3.2
3852,-2.1
3853,-2.5
3854,-1.8
3855,-2.5
3856,-2.7
3857,-4.1
3858,-5.2
3859,-6.7
3860,-5.7
3861,-5.9
3862,-6.2
3863,-6
3864,-6.4
3865,-6.8
3866,-6.8
3867,-6.6
3868,-6.3
3869,-7.1
3870,-8
3871,-8.4
3872,-7.8
3873,-7.1
3874,-5.9
3875,-4.6
3876,-4.4
3877,-3.8
3878,-3.4
3879,-4.3
3880,-5.2
3881,-7
3882,-7.1
3883,-9.4
3884,-11.5
3885,-10.1
3886,-7.8
3887,-6.9
3888,-6.6
3889,-6.7
3890,-7.4
3891,-8.6
3892,-7.8
3893,-6.7
3894,-5.9
3895,-5.8
3896,-5.3
3897,-4.6
3898,-4.2
3899,-3.4
3900,-2.5
3901,-1.5
3902,-1.3
3903,-1.7
3904,-2.1
3905,-3.1
3906,-5.5
3907,-6.4
3908,-9.5
3909,-11.1
3910,-12.8
3911,-13.8
3912,-14.6
3913,-15.3
3914,-15.8
3915,-16.1
3916,-16.8
3917,-17.1
3918,-16.5
3919,-10.4
3920,-7.7
3921,-5.5
3922,-3.7
3923,-2.6
3924,-2.6
3925,-2.4
3926,-2.2
3927,-1.9
3928,-2.1
3929,-2.5
3930,-2.8
3931,-3
3932,-3.3
3933,-3.5
3934,-3.1
3935,-2.9
3936,-2.6
3937,-2.4
3938,-2.1
3939,-1.8
3940,-1.5
3941,-1.3
3942,-1
3943,-0.3
3944,0.1
3945,0.8
3946,1.1
3947,1.7
3948,1.7
3949,1.8
3950,1.9
3951,1.7
3952,1.5
3953,1.3
3954,1.2
3955,1.1
3956,1
3957,1.2
3958,1.3
3959,1.2
3960,1.4
3961,1.2
3962,1.2
3963,1.2
3964,1
3965,1
3966,0.9
3967,1
3968,1.4
3969,1.6
3970,1.8
3971,1.9
3972,2.4
3973,3
3974,2.6
3975,2.7
3976,2.5
3977,2.3
3978,1.8
3979,1.4
3980,1.4
3981,1.4
3982,1.5
3983,1.6
3984,1.5
3985,1.1
3986,1.3
3987,0.9
3988,1.4
3989,1.4
3990,1.1
3991,1.1
3992,1.1
3993,1.3
3994,1.5
3995,1.6
3996,1.8
3997,1.7
3998,1.7
3999,1.6
4000,1.4
4001,1.2
4002,0.9
4003,0.9
4004,0.8
4005,0.7
4006,0.7
4007,0.6
4008,0.5
4009,0.5
4010,0.4
4011,0.4
4012,0.5
4013,0.5
4014,0.5
4015,0.5
4016,0.7
4017,1.1
4018,2
4019,1.9
4020,1.9
4021,2.1
4022,1.9
4023,1.8
4024,1.1
4025,0.6
4026,0.3
4027,0.3
4028,0.7
4029,0.8
4030,1
4031,1.2
4032,1.3
4033,1.7
4034,2
4035,2.4
4036,2.5
4037,2.5
4038,2.4
4039,2.5
4040,2.4
4041,2.5
4042,2.7
4043,3.1
4044,3.2
4045,3
4046,3.6
4047,3.6
4048,3.2
4049,2.6
4050,2.4
4051,2.2
4052,2.1
4053,1.8
4054,1.4
4055,1.5
4056,1.4
4057,1.1
4058,1.1
4059,0.7
4060,0.8
4061,0.3
4062,0.3
4063,0.7
4064,1
4065,1.5
4066,1.6
4067,1.5
4068,1.8
4069,1.9
4070,1.8
4071,1.4
4072,1.2
4073,0.8
4074,0.4
4075,0.1
4076,-0.2
4077,-0.4
4078,-0.9
4079,-0.8
4080,-0.8
4081,-0.9
4082,-0.9
4083,-1.1
4084,-1.2
4085,-1.9
4086,-1.8
4087,-1.8
4088,-1
4089,0.3
4090,0.7
4091,1.6
4092,1
4093,0.9
4094,1.5
4095,1.1
4096,1.2
4097,1.2
4098,1.2
4099,1
4100,0.9
4101,1.1
4102,0.8
4103,0.5
4104,1.1
4105,1
4106,0.8
4107,0.8
4108,0.3
4109,-0.2
4110,-1
4111,0.6
4112,1.6
4113,3.7
4114,5
4115,6
4116,6.3
4117,7
4118,6.7
4119,5.7
4120,5.2
4121,4.7
4122,4.1
4123,4
4124,3.7
4125,3.3
4126,2.8
4127,2.1
4128,1.8
4129,1.2
4130,1
4131,0.6
4132,0.4
4133,0.2
4134,0.2
4135,0.8
4136,1.7
4137,2.3
4138,3.3
4139,4.3
4140,5
4141,5.6
4142,5.9
4143,5.9
4144,5.9
4145,5.1
4146,3.3
4147,1.5
4148,1.4
4149,1.9
4150,2.2
4151,2
4152,2.3
4153,3
4154,3.4
4155,3.4
4156,3.6
4157,3.7
4158,3.3
4159,2.7
4160,2.6
4161,2.8
4162,2.6
4163,2.9
4164,3.6
4165,4.5
4166,5.5
4167,6.2
4168,6.7
4169,6.7
4170,6
4171,4.8
4172,3.6
4173,2.8
4174,2.1
4175,1.9
4176,1.8
4177,2.1
4178,2.4
4179,2.5
4180,2.3
4181,2.6
4182,2.4
4183,2.5
4184,3.1
4185,3.7
4186,3.8
4187,4.5
4188,4.4
4189,4.5
4190,4.6
4191,4.5
4192,3.4
4193,3.5
4194,3
4195,2.9
4196,2.3
4197
4198,-2.4
4199,-2.4
4200,-3.6
4201,-3.2
4202,-3.4
4203,-4.5
4204,-5.2
4205,-4.4
4206,-3.4
4207,-1.5
4208,-0.6
4209,-0.1
4210,1.8
4211,3.4
4212,4
4213,4.2
4214,2
4215,3.1
4216,2.1
4217,1
4218,0.7
4219,-0.1
4220,-1.1
4221,-1.6
4222,-1.7
4223,-2.1
4224,-2.6
4225,-4.4
4226,-5.4
4227,-6.2
4228,-6.9
4229,-7.4
4230,-7.3
4231,-3.7
4232,-2.3
4233,-1.1
4234,0.1
4235,1
4236,1.8
4237,2.3
4238,2.5
4239,2.3
4240,2
4241,1.6
4242,0.7
4243
4244,-0.9
4245,-1.5
4246,-2.7
4247,-3.9
4248,-5
4249,-6.4
4250,-7.6
4251,-7.8
4252,-8.7
4253,-9.3
4254,-8.4
4255,-5.1
4256,-2.5
4257,-0.4
4258,1
4259,1.6
4260,2.9
4261,3.2
4262,3.3
4263,3.2
4264,2.7
4265,2.9
4266,2.8
4267,2.3
4268,2
4269,1.5
4270
4271,-1.9
4272,-1.8
4273,-2.5
4274,-3.3
4275,-3.9
4276,-4.1
4277,-4.4
4278,-3.9
4279,-0.6
4280,1
4281,2.6
4282,3.9
4283,5.3
4284,6.1
4285,8.6
4286,9.1
4287,9.3
4288,9.7
4289,8.5
4290,6.6
4291,6.1
4292,5.2
4293,4.9
4294,4.6
4295,5
4296,4.9
4297,5.1
4298,4.7
4299,5.2
4300,4.9
4301,4.4
4302,4.7
4303,5.1
4304,6.8
4305,7.6
4306,9.9
4307,10.6
4308,12.2
4309,12.1
4310,11.8
4311,11.7
4312,10.9
4313,1
4314,8.3
4315,6.8
4316,5.4
4317,4.8
4318,4.8
4319,4.7
4320,4.3
4321,3.4
4322,4
4323,4.2
4324,4.4
4325,3.9
4326,3.8
4327,4
4328,4.3
4329,4.8
4330,5.6
4331,6.7
4332,7.1
4333,7.5
4334,7.5
4335,7.1
4336,6.8
4337,6.2
4338,5.3
4339,3.5
4340,4.3
4341,4.2
4342,4
4343,2.7
4344,2.4
4345,2.2
4346,2
4347,1.7
4348,1.7
4349,1.4
4350,1.3
4351,1.7
4352,1.4
4353,1.8
4354,2.5
4355,3.4
4356,4.4
4357,5.4
4358,4.1
4359,4.6
4360,3.4
4361,2.8
4362,2.4
4363,1.9
4364,1
4365,0.8
4366,0.3
4367,0.1
4368,-0.7
4369,-0.4
4370,-2.3
4371,-2.2
4372,-1.3
4373,-1.1
4374,-0.7
4375,0.5
4376,1.7
4377,2.3
4378,3.5
4379,4.7
4380,5.6
4381,5.6
4382,5.9
4383,5
4384,4.4
4385,3.8
4386,3.2
4387,2.3
4388,1.6
4389,1.3
4390,0.8
4391,0.6
4392,-0.2
4393,-0.5
4394,-1.3
4395,-0.5
4396,-0.6
4397,-0.5
4398,-0.2
4399,1.2
4400,3
4401,4.1
4402,5.7
4403,7.4
4404,8.8
4405,8.3
4406,8.5
4407,8.1
4408,7.7
4409,6.8
4410,5.2
4411,3.7
4412,2.8
4413,1.5
4414,1.4
4415,0.7
4416
4417,0.2
4418,0.6
4419,-0.2
4420,-0.1
4421,-0.2
4422,0.9
4423,2.5
4424,4.6
4425,6.4
4426,8.1
4427,9.9
4428,10.5
4429,11.1
4430,11.3
4431,10.8
4432,10.1
4433,9.8
4434,7.8
4435,3.3
4436,0.7
4437
4438,2.1
4439,5
4440,4.5
4441,4.2
4442,4.1
4443,4.3
4444,4.2
4445,3.7
4446,4.1
4447,5.5
4448,7.2
4449,8.9
4450,10.7
4451,11.5
4452,12.1
4453,12.6
4454,12.6
4455,11.8
4456,11.2
4457,10.6
4458,9
4459,4.4
4460,3.1
4461,2.1
4462,1.4
4463,-0.1
4464,-1.2
4465,-1.7
4466,-2
4467,-2
4468,-2
4469,-2.3
4470,-0.6
4471,1.7
4472,3.5
4473,4.6
4474,6.3
4475,7.7
4476,9
4477,9.6
4478,9.9
4479,10.2
4480,8.3
4481,8.3
4482,4.2
4483,1.5
4484,-0.4
4485,-1.3
4486,-1.5
4487,-2.2
4488,3.4
4489,2.6
4490,2.8
4491,2.7
4492,0.9
4493,0.2
4494,2.2
4495,4.9
4496,7.7
4497,10.5
4498,12.1
4499,12.7
4500,12.8
4501,13
4502,13.6
4503,13.5
4504,13.2
4505,12.4
4506,10.8
4507,8.2
4508,6.7
4509,5.6
4510,4.6
4511,4
4512,3.4
4513,2.7
4514,2.6
4515,2.3
4516,1.4
4517,1
4518,1.7
4519,3.7
4520,6.8
4521,8
4522,8.9
4523,9.9
4524,12
4525,12.1
4526,11.9
4527,11.5
4528,10.7
4529,8.1
4530,7.4
4531,6.4
4532,6
4533,5
4534,5.7
4535,5
4536,4.5
4537,4.5
4538,4.3
4539,3.9
4540,3.6
4541,3.5
4542,3.5
4543,3.3
4544,3.3
4545,3.4
4546,3.3
4547,2.7
4548,2
4549,1.7
4550,1.6
4551,2.2
4552,1.6
4553,1.3
4554,0.6
4555,0.7
4556,0.8
4557,0.8
4558,0.5
4559,0.5
4560,0.4
4561,0.4
4562,0.3
4563,0.3
4564,0.2
4565,0.1
4566,-0.1
4567,-0.1
4568,-0.2
4569,-0.1
4570,0.1
4571,0.3
4572,0.7
4573,0.1
4574,0.2
4575,0.2
4576,0.1
4577,-0.1
4578,-0.5
4579,-0.7
4580,-1
4581,-1.2
4582,-1.5
4583,-2.1
4584,-2.4
4585,-2.6
4586,-2.7
4587,-2.7
4588,-2.9
4589,-3.1
4590,-3.1
4591,-3.1
4592,-3.1
4593,-2.8
4594,-2.4
4595,-2.2
4596,-2.2
4597,-1.9
4598,-1.7
4599,-1.4
4600,-1
4601,-1.2
4602,-1.7
4603,-2.6
4604,-3.9
4605,-5.6
4606,-3.4
4607,-3.5
4608,-4.2
4609,-4.5
4610,-5.1
4611,-5.2
4612,-5.1
4613,-5
4614,-4.3
4615,-2.4
4616,-1.9
4617,-1.3
4618,-0.9
4619,0.1
4620,1.2
4621,1.6
4622,2
4623,2
4624,2
4625,1.9
4626,1
4627,-1.5
4628,-3.2
4629,-4.3
4630,-5.4
4631,-6.2
4632,-6.9
4633,-7.4
4634,-7.8
4635,-8
4636,-8.2
4637,-7.2
4638,-3.3
4639,-1.3
4640,-0.8
4641,0.2
4642,1
4643,1.5
4644,2.5
4645,3.6
4646,3.7
4647,4
4648,4.1
4649,4.5
4650,3.2
4651,-0.8
4652,-2.3
4653,-3.2
4654,-3.2
4655,-2.9
4656,-2.5
4657,-2.2
4658,-2
4659,-1.8
4660,-1.7
4661,-1
4662,-0.1
4663,0.6
4664,1.7
4665,2.4
4666,4.1
4667,4.9
4668,4.9
4669,5.4
4670,5.3
4671,5.3
4672,4.9
4673,4.6
4674,3.9
4675,3.1
4676,2.1
4677,1.5
4678,1
4679,0.7
4680,0.4
4681,0.2
4682,0.2
4683,-0.1
4684,-0.3
4685
4686,1.5
4687,2.8
4688,3.6
4689,5
4690,6.6
4691,7.1
4692,7.2
4693,8
4694,8
4695,8.1
4696,8.1
4697,7.3
4698,6.8
4699,3.5
4700,0.3
4701,-1.3
4702,-2.2
4703,-3.2
4704,-3.6
4705,-4.4
4706,-4.9
4707,-5.1
4708,-5.6
4709,-5
4710
4711,2.1
4712,4.1
4713,6.1
4714,7.5
4715,8.7
4716,9
4717,9.6
4718,10.1
4719,9.8
4720,10.3
4721,1
4722,9
4723,4.8
4724,1.9
4725,-0.1
4726,-1.1
4727,-1.9
4728,-2.4
4729,-2.9
4730,-3.4
4731,-3.8
4732,-4.1
4733,-3.4
4734,1.7
4735,3.1
4736,5.4
4737,8.3
4738,10.2
4739,11.1
4740,11.4
4741,12.2
4742,12.3
4743,12.4
4744,12.6
4745,12.3
4746,10.8
4747,6.8
4748,3.5
4749,1.4
4750,-0.1
4751,-1.1
4752,-1.9
4753,-2.5
4754,-3
4755,-3.2
4756,-3.7
4757,-3
4758,3.3
4759,5.1
4760,9.4
4761,10.7
4762,12.5
4763,13.5
4764,14.5
4765,15
4766,15.4
4767,15.5
4768,15.6
4769,15.3
4770,13.4
4771,9
4772,5.3
4773,2.9
4774,1.5
4775,0.3
4776,-0.5
4777,-1.1
4778,-1.8
4779,-2.2
4780,-2.5
4781,-1.8
4782,4
4783,5.8
4784,8.5
4785,11
4786,13.2
4787,14.6
4788,15.5
4789,16.2
4790,17
4791,16.7
4792,16.9
4793,16.7
4794,15.8
4795,13.2
4796,8.8
4797,6.3
4798,6.5
4799,4.6
4800,3.3
4801,1.9
4802,0.9
4803,-0.1
4804,-0.5
4805,-0.2
4806,3.8
4807,7.1
4808,8.9
4809,12.4
4810,13.7
4811,13.7
4812,14.3
4813,14.5
4814,14
4815,13.6
4816,12.5
4817,11.4
4818,11
4819,9.2
4820,8
4821,7.3
4822,4.5
4823,3.5
4824,3.4
4825,3.7
4826,3.2
4827,3.1
4828,2.8
4829,3.8
4830,5.6
4831,6.5
4832,6.7
4833,6.6
4834,6.7
4835,7.6
4836,8.6
4837,9.4
4838,9.9
4839,10.3
4840,10.5
4841,10.5
4842,9.9
4843,8.7
4844,7.5
4845,6.2
4846,3.4
4847,1.5
4848,0.7
4849,-0.5
4850,-1.2
4851,-1.5
4852,3.5
4853,2.6
4854,4.4
4855,6.3
4856,8.4
4857,9.6
4858,11
4859,12.3
4860,12.3
4861,13.5
4862,13.8
4863,14
4864,13.3
4865,13.1
4866,12
4867,10.5
4868,9.6
4869,8.8
4870,8.4
4871,8.1
4872,7.6
4873,7.4
4874,7.6
4875,7.8
4876,7.7
4877,7.9
4878,8.9
4879,9.5
4880,10.7
4881,11.7
4882,13.3
4883,13.4
4884,14.5
4885,14.8
4886,15.9
4887,16.5
4888,16.3
4889,15.8
4890,14.8
4891,13
4892,11.6
4893,10.1
4894,9.1
4895,7.2
4896,7.6
4897,7.5
4898,6.9
4899,6.5
4900,6.4
4901,7.4
4902,9
4903,10.8
4904,12.9
4905,14.7
4906,16.2
4907,17.4
4908,18.3
4909,18.2
4910,18.9
4911,19.1
4912,18.8
4913,18.3
4914,17.3
4915,15.4
4916,12.8
4917,11.1
4918,7.1
4919,6
4920,4.2
4921,3.4
4922,3
4923,1.5
4924,0.6
4925,2.6
4926,9.6
4927,12.3
4928,15.1
4929,16.2
4930,18.2
4931,18.7
4932,19.6
4933,19.9
4934,19.9
4935,19.9
4936,20.2
4937,19.9
4938,19
4939,15.5
4940,10.9
4941,8.5
4942,7
4943,5.5
4944,4.8
4945,3.4
4946,3
4947,3.3
4948,3.3
4949,4.7
4950,7.2
4951,12.4
4952,15.3
4953,17.3
4954,18.5
4955,19.4
4956,2
4957,20.5
4958,20.5
4959,20.6
4960,20.6
4961,19.9
4962,18.6
4963,16.4
4964,11.7
4965,10.9
4966,8.7
4967,9
4968,8.4
4969,6.9
4970,5.7
4971,5.6
4972,6.3
4973,8.6
4974,9.6
4975,12.5
4976,13.4
4977,14.1
4978,14.8
4979,17.1
4980,17
4981,16.6
4982,16.7
4983,16.5
4984,16.6
4985,16.6
4986,16.1
4987,13.3
4988,11.3
4989,10.3
4990,8.2
4991,6.5
4992,5.8
4993,4.9
4994,4.3
4995,3.7
4996,3.7
4997,5
4998,7.6
4999,10.2
5000,14.4
5001,16.3
5002,18.2
5003,19.2
5004,19.9
5005,19.9
5006,2
5007,19.8
5008,19.7
5009,19.1
5010,17
5011,17.2
5012,15.1
5013,13
5014,10.9
5015,9
5016,7.4
5017,6
5018,5
5019,4
5020,3.3
5021,3.1
5022,3.5
5023,4.6
5024,5.2
5025,6.5
5026,7.9
5027,8.9
5028,10.1
5029,10.5
5030,10.9
5031,11.3
5032,11.1
5033,10.9
5034,10.3
5035,8.6
5036,4.5
5037,1.9
5038,0.4
5039,-0.6
5040,-1.5
5041,-1.9
5042,-2.4
5043,-2.7
5044,-2.9
5045,0.7
5046,4.3
5047,6.3
5048,8
5049,9.2
5050,11.1
5051,12
5052,12.9
5053,13.2
5054,14.3
5055,14.5
5056,15.3
5057,15.3
5058,15
5059,13.3
5060,11.9
5061,8.8
5062,7.3
5063,6.2
5064,5.5
5065,5.1
5066,5.1
5067,4.7
5068,4.8
5069,5.4
5070,5.9
5071,6.6
5072,8.3
5073,9.5
5074,10.6
5075,11.8
5076,12.4
5077,13
5078,14.5
5079,14
5080,14.9
5081,15
5082,13.9
5083,11.5
5084,8.6
5085,5.4
5086,3.6
5087,2.3
5088,1.3
5089,0.9
5090,2.6
5091,1.2
5092,1
5093,4.5
5094,7.3
5095,9.2
5096,10.8
5097,12.4
5098,13.7
5099,14.1
5100,13.6
5101,10.7
5102,8
5103,6.8
5104,6.1
5105,5.6
5106,4.9
5107,4.6
5108,4.4
5109,4.5
5110,4.5
5111,4.4
5112,3.8
5113,3.6
5114,3.2
5115,3
5116,2.9
5117,2.7
5118,2.8
5119,3.4
5120,3.7
5121,3.8
5122,2.8
5123,2.9
5124,3.6
5125,4
5126,3.4
5127,3
5128,2.3
5129,1.7
5130,1.7
5131,1.3
5132,1.2
5133,0.9
5134,0.7
5135,0.4
5136,0.2
5137
5138,-0.1
5139,-0.2
5140,-0.4
5141,-0.7
5142,-0.7
5143,-0.1
5144,-0.3
5145,0.2
5146,0.5
5147,1.5
5148,1.5
5149,1.5
5150,1.5
5151,2.5
5152,1.3
5153,1.4
5154,1
5155,-0.3
5156,-0.6
5157,-0.9
5158,-1.3
5159,-1.5
5160,-1.4
5161,-1.7
5162,-2.1
5163,-2.8
5164,-2.9
5165,-1.5
5166,-0.7
5167,-0.1
5168,0.9
5169,2.1
5170,3.1
5171,4.3
5172,5.6
5173,4.7
5174,3.8
5175,4.3
5176,4.5
5177,3.9
5178,2
5179,2.3
5180,1.9
5181,1.7
5182,1.8
5183,0.8
5184,0.6
5185,-0.5
5186,-1.9
5187,-2.3
5188,-2.2
5189,0.1
5190,1.2
5191,3.3
5192,6
5193,6.7
5194,7.7
5195,7.8
5196,5.5
5197,7.5
5198,8.2
5199,6.7
5200,7.1
5201,8.8
5202,7.9
5203,6.9
5204,3.7
5205,0.7
5206,-1.1
5207,-1.5
5208,-2.4
5209,-2.6
5210,-3.4
5211,-3.8
5212,-3.4
5213,0.5
5214,4.3
5215,6.3
5216,7.7
5217,8.1
5218,8.7
5219,9.6
5220,11.5
5221,11.3
5222,10.9
5223,10.9
5224,10.9
5225,10.5
5226,10.1
5227,9.5
5228,7.9
5229,7.3
5230,6.9
5231,5.5
5232,4.8
5233,4.7
5234,5.1
5235,5
5236,5
5237,5.4
5238,6.2
5239,7.6
5240,8.5
5241,9.3
5242,10.4
5243,10.1
5244,8.1
5245,9.1
5246,7.2
5247,7.4
5248,8.9
5249,9.2
5250,9.4
5251,8
5252,6.2
5253,4.6
5254,3.4
5255,2.6
5256,2.5
5257,2.2
5258,2.2
5259,2.1
5260,2.3
5261,3.6
5262,4.8
5263,5.7
5264,6.9
5265,8
5266,7.5
5267,7.9
5268,8.6
5269,9
5270,9.4
5271,1
5272,1
5273,10.4
5274,9.7
5275,8.2
5276,6.5
5277,5
5278,4.2
5279,3.2
5280,2.5
5281,2.1
5282,2.3
5283,2.3
5284,3.3
5285,4.3
5286,6.5
5287,9.8
5288,10.4
5289,11.7
5290,12.5
5291,13
5292,14.3
5293,14.8
5294,15
5295,15.2
5296,15.4
5297,15.4
5298,14.4
5299,13.5
5300,11
5301,9.4
5302,9.5
5303,8.3
5304,8
5305,7.3
5306,6.7
5307,5.8
5308,4.4
5309,7
5310,7.5
5311,9
5312,10.8
5313,11.2
5314,10.9
5315,11.4
5316,11.1
5317,10.9
5318,10.9
5319,10.7
5320,9.7
5321,9.7
5322,9.7
5323,9.4
5324,9
5325,8.8
5326,9
5327,9.1
5328,9.1
5329,9
5330,8.9
5331,8.7
5332,8.5
5333,8.4
5334,8.9
5335,9.2
5336,9
5337,9.6
5338,9.4
5339,10.2
5340,11.2
5341,11.7
5342,12.6
5343,12.6
5344,11.4
5345,10.3
5346,9.7
5347,9.8
5348,1
5349,10.2
5350,10.1
5351,10.2
5352,9.9
5353,9.3
5354,8.5
5355,8.2
5356,7.9
5357,8
5358,8.3
5359,8.8
5360,8.8
5361,9.7
5362,10.3
5363,10.3
5364,10.8
5365,9.8
5366,9.7
5367,1
5368,9.3
5369,8.6
5370,8.1
5371,7.5
5372,7.2
5373,6.2
5374,5.5
5375,4.9
5376,4.6
5377,4.1
5378,4.3
5379,4.2
5380,3.9
5381,4.2
5382,5.3
5383,6.7
5384,7.8
5385,8.9
5386,9.1
5387,9.5
5388,10.3
5389,9.7
5390,10.1
5391,9.8
5392,10.1
5393,9.6
5394,8.6
5395,8.6
5396,7.4
5397,6.3
5398,5.5
5399,4.6
5400,3.2
5401,0.9
5402,0.9
5403,-0.9
5404,-0.8
5405,4
5406,5.6
5407,7.5
5408,9.4
5409,10.5
5410,11.2
5411,11.3
5412,11.3
5413,12.1
5414,12.1
5415,12.6
5416,12.3
5417,12.1
5418,10.9
5419,9.6
5420,8
5421,5.6
5422,4
5423,2.6
5424,0.9
5425,-0.1
5426,-0.9
5427,-1.4
5428,-0.7
5429,5.2
5430,7.1
5431,9
5432,10.7
5433,11.9
5434,12.8
5435,14
5436,12.8
5437,13
5438,13.9
5439,13.7
5440,14
5441,14
5442,12.4
5443,10.5
5444,7.9
5445,5.6
5446,4
5447,2.9
5448,2.2
5449,1.5
5450,1
5451,0.6
5452,1.4
5453,7.7
5454,9.7
5455,12.1
5456,13.7
5457,14.4
5458,15.4
5459,16
5460,16.6
5461,17.5
5462,17.9
5463,17.5
5464,18.1
5465,17.2
5466,16.5
5467,15.6
5468,12.1
5469,9.4
5470,7.6
5471,6.6
5472,5.5
5473,4.4
5474,3.6
5475,3.2
5476,3.9
5477,10.3
5478,10.7
5479,12
5480,13.5
5481,15.4
5482,16.1
5483,16.6
5484,17.6
5485,18.1
5486,18.7
5487,18.6
5488,19.2
5489,19.4
5490,18.4
5491,17.1
5492,13.1
5493,10.1
5494,8.2
5495,6.8
5496,5.8
5497,5
5498,4.2
5499,3.8
5500,4.6
5501,11.3
5502,14.5
5503,17.2
5504,19.3
5505,2
5506,21.1
5507,21.4
5508,21.7
5509,22.6
5510,23
5511,23.5
5512,23.3
5513,23.4
5514,22.8
5515,21.6
5516,16.1
5517,13
5518,11.7
5519,9.7
5520,8.5
5521,7.7
5522,6.8
5523,6.4
5524,7
5525,14.2
5526,17.4
5527,18.7
5528,19.2
5529,20.8
5530,22.6
5531,23
5532,24.1
5533,24.7
5534,24.4
5535,24.3
5536,24.2
5537,23.8
5538,22.7
5539,21.3
5540,2
5541,19
5542,18.4
5543,17.2
5544,16.8
5545,16.4
5546,15.2
5547,15
5548,15.4
5549,15.3
5550,16.1
5551,18.2
5552,19.5
5553,21.3
5554,23
5555,24.2
5556
5557
5558,27
5559,26.5
5560,26
5561,25
5562,23.3
5563,21.9
5564,19.9
5565,17.8
5566,17
5567,17
5568,16.5
5569,15.7
5570,15.7
5571,13.3
5572,13.2
5573,17.5
5574,19
5575,21.4
5576,22
5577,23.2
5578,24.1
5579,23.7
5580,25.5
5581,26.1
5582,26.2
5583,24.7
5584,24.7
5585,21.4
5586,20.8
5587,19.8
5588,17.5
5589,16.3
5590,14.2
5591,13
5592,12.3
5593,11.7
5594,11.3
5595,10.6
5596,11.4
5597,16.1
5598,19.1
5599,19.3
5600,20.7
5601,22
5602,23.1
5603,23.4
5604,24.4
5605,21.7
5606,21.9
5607,23.4
5608,22.6
5609,22.6
5610,22
5611,20.3
5612,18.1
5613,16.8
5614,16.1
5615,15.5
5616,15.1
5617,14.6
5618,14.3
5619,14
5620,13.6
5621,13.3
5622,13.2
5623,12.8
5624,12.8
5625,12.6
5626,12.1
5627,12
5628,12.1
5629,12.3
5630,12.1
5631,13.1
5632,12.4
5633,12.4
5634,12.1
5635,11.5
5636,11
5637,10.6
5638,9.5
5639,9.1
5640,8.8
5641,8.8
5642,8.3
5643,7.9
5644,8
5645,7.3
5646,7.3
5647,7.7
5648,9
5649,10.7
5650,11.2
5651,12.1
5652,13.7
5653,13.9
5654,13.6
5655,12.4
5656,11.9
5657,11.2
5658,10.6
5659,10.3
5660,10.1
5661,1
5662,9.7
5663,9.7
5664,9
5665,8.7
5666,8.7
5667,8.6
5668,8.7
5669,8.9
5670,9.2
5671,9.6
5672,9.8
5673,9.9
5674,10.4
5675,11.7
5676,10.5
5677,11.6
5678,12.2
5679,12.2
5680,12.5
5681,10.5
5682,10.5
5683,10.1
5684,9.7
5685,9.3
5686,9.1
5687,8.4
5688,7.4
5689,6.9
5690,6.4
5691,6.1
5692,6
5693,6.7
5694,7.2
5695,7.9
5696,8.1
5697,7.8
5698,7.9
5699,8.1
5700,9.1
5701,9.5
5702,9.6
5703,9
5704,9.8
5705,9.6
5706,9.1
5707,8.4
5708,8.1
5709,8.1
5710,7.9
5711,8
5712,7.8
5713,7.7
5714,8
5715,8.3
5716,8.4
5717,8.3
5718,8.7
5719,9
5720,9.4
5721,10.4
5722,10.8
5723,10.8
5724,11.9
5725,12.8
5726,12.5
5727,13.7
5728,13.5
5729,13.5
5730,13.1
5731,12.2
5732,10.8
5733,1
5734,9.7
5735,10.1
5736,9.1
5737,8.9
5738,8.8
5739,8.3
5740,8.7
5741,9.4
5742,10.1
5743,10.3
5744,11.1
5745,11.9
5746,13.3
5747,15.1
5748,14.8
5749,15.2
5750,15.9
5751,15.4
5752,15.9
5753,15
5754,15.3
5755,14.7
5756,14.1
5757,13.1
5758,12.8
5759,12.2
5760,11.1
5761,10.3
5762,10.1
5763,1
5764,9.9
5765,9.8
5766,10.3
5767,10.9
5768,12
5769,14.3
5770,15.3
5771,15.8
5772,16.8
5773,15.7
5774,15.5
5775,14.3
5776,12.5
5777,11.3
5778,10.3
5779,9.2
5780,8.6
5781,7.6
5782,5.8
5783,5.2
5784,5
5785,4.7
5786,4.6
5787,5
5788,6.9
5789,8.4
5790,10.4
5791,11.5
5792,13.4
5793,14.1
5794,14.7
5795,15.2
5796,15.8
5797,16.1
5798,15.6
5799,15.3
5800,15.4
5801,15.2
5802,14.3
5803,12.3
5804,11.4
5805,10.9
5806,10.5
5807,10.2
5808,9.8
5809,9.3
5810,7.4
5811,7.7
5812,8.3
5813,9
5814,8.8
5815,8.6
5816,9.8
5817,10.9
5818,12.2
5819,12.6
5820,13.2
5821,12.9
5822,11.7
5823,11.6
5824,12.7
5825,13.2
5826,12.6
5827,12.5
5828,11.6
5829,11.4
5830,9.5
5831,8.4
5832,8.1
5833,7.3
5834,6.9
5835,7.1
5836,8.2
5837,9.4
5838,10.3
5839,11.4
5840,12.7
5841,14.1
5842,15.3
5843,17.3
5844,16.5
5845,16.9
5846,16.8
5847,16.2
5848,15.4
5849,13.9
5850,11.2
5851,9.1
5852,8.9
5853,8.8
5854,8.8
5855,8.9
5856,9.1
5857,9.3
5858,9.4
5859,9.5
5860,8.9
5861,8.4
5862,8.3
5863,9.1
5864,9.7
5865,10.2
5866,11.9
5867,12.8
5868,13.7
5869,14.6
5870,13.8
5871,16
5872,15.3
5873,15.8
5874,14.2
5875,12.9
5876,11.6
5877,10.1
5878,7.5
5879,5.7
5880,4.1
5881,3
5882,2.1
5883,2.1
5884,3.9
5885,9.2
5886,12.2
5887,12.4
5888,14.4
5889,15.2
5890,15.5
5891,16.3
5892,16.3
5893,16.3
5894,17.7
5895,18.7
5896,18.9
5897,17.6
5898,13.7
5899,15.3
5900,15.3
5901,14.7
5902,13.6
5903,13.2
5904,14.4
5905,14.2
5906,14
5907,13.6
5908,14
5909,15.1
5910,15.9
5911,17.4
5912,18.3
5913,19.2
5914,19.5
5915,19.6
5916,20.9
5917,21.7
5918,22.4
5919,21.4
5920,21.3
5921,20.6
5922,2
5923,19.2
5924,17.7
5925,16
5926,13.4
5927,12.1
5928,10.9
5929,9.9
5930,10.3
5931,11.7
5932,12.5
5933,14.8
5934,15.5
5935,16.9
5936,19.7
5937,21.2
5938,21.9
5939,24
5940,23.7
5941,23.9
5942,24.1
5943,24.5
5944,24.3
5945,24.1
5946,24.1
5947,23.3
5948,21.5
5949,18.2
5950,16.5
5951,15.5
5952,15.5
5953,17.8
5954,15.7
5955,14.5
5956,16.3
5957,20.1
5958,21.9
5959,24
5960,25.1
5961,26.5
5962,27.3
5963,28.3
5964,29.2
5965,28.9
5966,29.4
5967,29.1
5968,29.5
5969,29.6
5970,28.6
5971,26.5
5972,25.6
5973,23.3
5974,22.1
5975,21.4
5976,18.9
5977,18
5978,15.9
5979,15
5980,17.2
5981,21.4
5982,23.1
5983,25.2
5984,26.8
5985,28
5986,29
5987,28.8
5988,28.6
5989,28.8
5990,28.1
5991,28.2
5992,28.1
5993,27.7
5994,27
5995,26.5
5996,24.8
5997,21.3
5998,19.2
5999,18
6000,18.4
6001,20.6
6002,19.8
6003,19.1
6004,19.9
6005,21.3
6006,22.7
6007,24.5
6008,24.7
6009,26.6
6010,26.9
6011,27.3
6012,27.6
6013,27.8
6014,27.8
6015,28.2
6016,19.8
6017,21.2
6018,21
6019,20.9
6020,20.1
6021,18.7
6022,17.8
6023,17.3
6024,16.7
6025,16.7
6026,17.6
6027,17.8
6028,18
6029,17.7
6030,16.7
6031,17
6032,17.5
6033,18.5
6034,18.8
6035,2
6036,20.8
6037,21.4
6038,20.8
6039,20.4
6040,20.1
6041,19.8
6042,18.2
6043,18.1
6044,17
6045,15.5
6046,14.6
6047,14
6048,13.7
6049,13.2
6050,13.2
6051,13.4
6052,13.2
6053,13.8
6054,14.2
6055,13.7
6056,14.4
6057,14.5
6058,15.6
6059,17.1
6060,18.4
6061,18.6
6062,18.8
6063,18.8
6064,18.9
6065,18.9
6066,18
6067,17.3
6068,16.4
6069,12.8
6070,13.5
6071,10.8
6072,10.2
6073,9.8
6074,8.9
6075,9.3
6076,11.4
6077,13.4
6078,15.4
6079,16.2
6080,18.5
6081,18.9
6082,19.9
6083,20.2
6084,20.8
6085,20.8
6086,20.4
6087,20.2
6088,20.2
6089,19.9
6090,18.8
6091,17.3
6092,15.9
6093,14.2
6094,12.2
6095,10.9
6096,9.6
6097,8.7
6098,8
6099,8.1
6100,8.2
6101,8.9
6102,10.7
6103,11.3
6104,11.8
6105,13
6106,13.4
6107,13.7
6108,14.9
6109,16.2
6110,16.3
6111,16.8
6112,17.1
6113,16.3
6114,16.2
6115,15.7
6116,14.8
6117,14.1
6118,13.4
6119,13.1
6120,13.2
6121,12.7
6122,12.3
6123,11.8
6124,11.6
6125,12.1
6126,12.4
6127,13.1
6128,14.8
6129,16
6130,17
6131,17
6132,17.5
6133,17
6134,18.5
6135,18.1
6136,17.7
6137,17.6
6138,16.9
6139,15.9
6140,15.8
6141,15.7
6142,15.7
6143,15.7
6144,15.5
6145,15
6146,14.4
6147,14.7
6148,14.5
6149,14.6
6150,14.7
6151,15.1
6152,14.6
6153,14.7
6154,15
6155,16
6156,15.5
6157,16.5
6158,16.8
6159,17.2
6160,17.1
6161,16.4
6162,16.5
6163,16.2
6164,14.3
6165,13.5
6166,13
6167,12.6
6168,12.2
6169,12
6170,11.3
6171,10.6
6172,10.8
6173,11.6
6174,12
6175,12.3
6176,12.6
6177,13.6
6178,13.1
6179,13.7
6180,14.3
6181,14.9
6182,14.9
6183,15.5
6184,16.1
6185,15.5
6186,15.5
6187,15.2
6188,14.5
6189,11.7
6190,10.4
6191,9.2
6192,8.4
6193,7.6
6194,7.2
6195,7.3
6196,9.8
6197,13.5
6198,15.7
6199,16.9
6200,18.1
6201,20.1
6202,18.9
6203,20.3
6204,20.9
6205,20.6
6206,21.2
6207,21.3
6208,21.3
6209,22.5
6210,21.8
6211,21
6212,19.6
6213,17.7
6214,15.2
6215,13
6216,11.5
6217,10.2
6218,9.6
6219,9.4
6220,11.2
6221,16.1
6222,18.2
6223,19.9
6224,21.1
6225,21.1
6226,23.4
6227,24.8
6228,25.2
6229,25.8
6230,25.5
6231,24.4
6232,23.7
6233,22.8
6234,21.7
6235,20.3
6236,19.6
6237,16.9
6238,14.4
6239,15.8
6240,15.4
6241,15.1
6242,14.6
6243,14
6244,15
6245,16.7
6246,18.1
6247,19.2
6248,21
6249,21.7
6250,23.4
6251,23.2
6252,23.3
6253,23.4
6254,23.9
6255,23.4
6256,23.1
6257,23.1
6258,21.7
6259,21
6260,20.2
6261,17.6
6262,17.5
6263,16.8
6264,16.3
6265,15.9
6266,15.6
6267,16.2
6268,16.5
6269,17
6270,18.3
6271,19
6272,18
6273,20.1
6274,22
6275,22.5
6276,23.3
6277,24.2
6278,20.4
6279,22.7
6280,22.5
6281,22.9
6282,21.7
6283,19.6
6284,18
6285,16.4
6286,15.4
6287,14.7
6288,13.6
6289,12.9
6290,12.6
6291,12.3
6292,13
6293,17
6294,16.7
6295,17.5
6296,19.2
6297,21.6
6298,24.2
6299,25.3
6300,25.2
6301,26.6
6302,26.3
6303,25.1
6304,24.8
6305,25.1
6306,25.6
6307,24.4
6308,23
6309,21.8
6310,21
6311,20.5
6312,19.4
6313,18.4
6314,17.8
6315,17.5
6316,18.1
6317,19.3
6318,20.7
6319,21.8
6320,21.8
6321,23.6
6322,24.6
6323,24.7
6324,23.1
6325,24.5
6326,24.8
6327,24
6328,23.7
6329,23.3
6330,22.2
6331,20.7
6332,19.7
6333,17.6
6334,14.8
6335,15.7
6336,14.8
6337,14.4
6338,13.7
6339,13.5
6340,14.4
6341,14.9
6342,12.7
6343,14.2
6344,15.7
6345,16.5
6346,16.2
6347,16.5
6348,17.8
6349,16.4
6350,15.2
6351,15.8
6352,16.4
6353,17.3
6354,16.7
6355,15.9
6356,15.2
6357,14.1
6358,13.2
6359,12.5
6360,11.5
6361,11.4
6362,10.9
6363,10.4
6364,11.5
6365,13.6
6366,14.5
6367,15.5
6368,16.6
6369,17.8
6370,18.8
6371,19.5
6372,20.4
6373,19.6
6374,20.9
6375,20.8
6376,20.8
6377,20.1
6378,19.4
6379,18.6
6380,18.3
6381,16.6
6382,13.5
6383,11.6
6384,12.4
6385,9.9
6386,9.1
6387,8.3
6388,10.1
6389,13.9
6390,15.8
6391,16.6
6392,17.4
6393,18.7
6394,19.3
6395,19.3
6396,19.3
6397,18.7
6398,19.9
6399,2
6400,19.7
6401,19.5
6402,18.6
6403,17.9
6404,16.9
6405,15.3
6406,13.7
6407,11
6408,9.8
6409,8.6
6410,7.8
6411,7.1
6412,9.9
6413,12.6
6414,13.3
6415,14.7
6416,16.4
6417,17.7
6418,19.2
6419,20.1
6420,21.3
6421,20.5
6422,20.4
6423,20.2
6424,19.7
6425,18.3
6426,17.5
6427,17
6428,16.6
6429,15.9
6430,15.3
6431,14.7
6432,13.3
6433,12.4
6434,12.4
6435,12.2
6436,11.8
6437,12.1
6438,12.4
6439,12.6
6440,13.6
6441,16
6442,17
6443,17.4
6444,18.4
6445,18.9
6446,18.5
6447,17.5
6448,16
6449,14.8
6450,14.1
6451,13.7
6452,13.3
6453,13.3
6454,13.4
6455,13.4
6456,13.4
6457,12.9
6458,12.6
6459,12.8
6460,13.1
6461,13.3
6462,13.3
6463,13.9
6464,14.8
6465,14.9
6466,15.6
6467,15.6
6468,17.1
6469,17.9
6470,17.7
6471,16.6
6472,16.6
6473,16
6474,15.4
6475,15.6
6476,14.8
6477,14.2
6478,13.4
6479,13.2
6480,12.3
6481,12
6482,10.6
6483,10.3
6484,11.3
6485,12.4
6486,13.4
6487,14.3
6488,15.3
6489,16.1
6490,17.3
6491,18
6492,19.1
6493,18.9
6494,19
6495,17.4
6496,17.9
6497,17.9
6498,16.7
6499,15.4
6500,14.7
6501,13
6502,11.9
6503,11.2
6504,10.6
6505,9.5
6506,9.7
6507,10.7
6508,11.5
6509,12
6510,13
6511,15.2
6512,16.3
6513,16.3
6514,16.5
6515,17.3
6516,19.8
6517,19.7
6518,19.2
6519,19
6520,18.4
6521,17.4
6522,16.8
6523,16.4
6524,16
6525,15.6
6526,14.9
6527,13.7
6528,13
6529,12.5
6530,12.1
6531,11.8
6532,12.4
6533,13.7
6534,14.5
6535,14.8
6536,15.7
6537,17
6538,18.2
6539,19.2
6540,19.7
6541,20.9
6542,20.2
6543,20.1
6544,21
6545,21
6546,20.7
6547,20.5
6548,19.5
6549,18.8
6550,18.8
6551,18.3
6552,17.7
6553,16.9
6554,16.1
6555,15.8
6556,15.8
6557,17
6558,18
6559,19.6
6560,19.2
6561,19
6562,20.7
6563,22.1
6564,23
6565,21.8
6566,22
6567,21
6568,20.5
6569,19.9
6570,19.7
6571,19.6
6572,19
6573,17
6574,15.2
6575,12.9
6576,12.8
6577,11.8
6578,11.4
6579,12.9
6580,14
6581,14.6
6582,15.3
6583,16
6584,15.6
6585,16.7
6586,17.1
6587,18.1
6588,15.4
6589,14.5
6590,13.8
6591,13.2
6592,13
6593,13.6
6594,13.3
6595,13.7
6596,14.3
6597,14
6598,13
6599,12
6600,11
6601,10.8
6602,9.6
6603,9.4
6604,9.3
6605,10.8
6606,12.5
6607,14.1
6608,15.2
6609,16.3
6610,16.4
6611,17.3
6612,18.3
6613,18.4
6614,18.4
6615,17.5
6616,16.9
6617,15.8
6618,15.2
6619,13.8
6620,13
6621,12.1
6622,10.8
6623,10.1
6624,9.4
6625,8.5
6626,8.6
6627,9
6628,9.6
6629,11.5
6630,12.9
6631,14
6632,15.4
6633,16
6634,16.8
6635,17.5
6636,17.1
6637,16.6
6638,16.7
6639,16
6640,15.2
6641,15.6
6642,15
6643,12.1
6644,11
6645,10.5
6646,8.9
6647,8.8
6648,10.1
6649,10.5
6650,10.4
6651,10.7
6652,10.7
6653,9.9
6654,9.9
6655,10.2
6656,10.9
6657,11
6658,11.1
6659,11.4
6660,10.9
6661,11.3
6662,12
6663,12.4
6664,13.7
6665,13.2
6666,12.8
6667,13.1
6668,12.6
6669,12.8
6670,13
6671,13
6672,12.7
6673,13.2
6674,13.1
6675,12.6
6676,12.5
6677,12.7
6678,13.3
6679,14.3
6680,16.6
6681,17.5
6682,17.9
6683,18.2
6684,18.8
6685,18.6
6686,18.5
6687,19.1
6688,19.5
6689,19.2
6690,19
6691,17.1
6692,16.3
6693,15.1
6694,14.2
6695,14
6696,14
6697,13.6
6698,13.5
6699,13.2
6700,13.4
6701,13.9
6702,14.6
6703,15.2
6704,17.2
6705,17.5
6706,17.6
6707,17.8
6708,17.1
6709,16.3
6710,18.6
6711,17.9
6712,14.6
6713,14.5
6714,13.5
6715,13.4
6716,13.5
6717,13.1
6718,13.1
6719,12.2
6720,11.2
6721,12.6
6722,12.3
6723,12.9
6724,13.4
6725,13.7
6726,14.2
6727,14.7
6728,15.3
6729,14.7
6730,13.7
6731,15.3
6732,14.4
6733,15.3
6734,14.3
6735,14.3
6736,12.9
6737,13.6
6738,13.1
6739,11.5
6740,11.6
6741,11.2
6742,10.9
6743,10.5
6744,10.3
6745,10.3
6746,10.1
6747,1
6748,10.3
6749,10.3
6750,10.6
6751,10.6
6752,11.1
6753,11.8
6754,12.7
6755,12.7
6756,13
6757,13.2
6758,13.3
6759,13.8
6760,13.3
6761,13.3
6762,13.4
6763,13.4
6764,13.1
6765,13
6766,13.3
6767,13
6768,12.6
6769,12.4
6770,12.1
6771,11
6772,11.3
6773,11.7
6774,12.3
6775,13.2
6776,15.9
6777,17
6778,18.1
6779,19.3
6780,19.6
6781,2
6782,20.4
6783,20.7
6784,20.5
6785,20.5
6786,19.5
6787,18.5
6788,16.1
6789,14.8
6790,14.6
6791,15
6792,14.5
6793,14.1
6794,13.5
6795,13.3
6796,13
6797,12.4
6798,12.4
6799,12.7
6800,13.5
6801,13.9
6802,14.2
6803,14.4
6804,15.5
6805,14.5
6806,15
6807,15.1
6808,15.3
6809,16.3
6810,15.2
6811,14.7
6812,13.3
6813,12.8
6814,12.5
6815,11.7
6816,11
6817,10.6
6818,9.5
6819,7.9
6820,7.6
6821,10.2
6822,13.2
6823,14
6824,15.2
6825,16.4
6826,16.8
6827,17.7
6828,18.1
6829,19
6830,19.3
6831,18.7
6832,18.5
6833,18.5
6834,18.2
6835,17.6
6836,16.9
6837,16.1
6838,14.6
6839,14.2
6840,12
6841,8.8
6842,8.6
6843,8.2
6844,8.8
6845,12.5
6846,13.5
6847,14.6
6848,16.2
6849,17.5
6850,18.5
6851,19.1
6852,19.8
6853,18.4
6854,18.6
6855,17.4
6856,17.6
6857,18.4
6858,16.5
6859,16.1
6860,15.2
6861,13.6
6862,10.2
6863,8.4
6864,7.3
6865,6.4
6866,7.1
6867,7.8
6868,9.4
6869,10.7
6870,12.4
6871,13.6
6872,15.2
6873,15.5
6874,16
6875,17
6876,16.9
6877,16.9
6878,17.5
6879,18
6880,18.1
6881,18.1
6882,17.8
6883,17.1
6884,15.4
6885,13.1
6886,10.8
6887,10.1
6888,8.4
6889,7.5
6890,7
6891,6.6
6892,8.8
6893,13.4
6894,16.3
6895,17.7
6896,18.4
6897,17.8
6898,18.8
6899,18.4
6900,19.4
6901,19.8
6902,19.7
6903,19.3
6904,19.1
6905,19.1
6906,18.9
6907,18.5
6908,15.9
6909,16.2
6910,16.3
6911,16
6912,13.4
6913,13.3
6914,13.7
6915,13.4
6916,13.4
6917,13.8
6918,13.9
6919,14
6920,15.6
6921,15.9
6922,16.6
6923,17.9
6924,18.7
6925,18.9
6926,19.2
6927,17.5
6928,17.1
6929,13.2
6930,12.4
6931,12.6
6932,12.9
6933,12.7
6934,11.5
6935,10.9
6936,9.7
6937,9.8
6938,10.1
6939,1
6940,11.2
6941,13.6
6942,15
6943,15.8
6944,16.4
6945,17.8
6946,18.3
6947,19.4
6948,19.6
6949,20.6
6950,21.6
6951,20.7
6952,19.2
6953,19.1
6954,17.8
6955,17.2
6956,17
6957,16.4
6958,13.4
6959,12
6960,11
6961,10.1
6962,9.5
6963,9.2
6964,9.9
6965,14.1
6966,16.3
6967,17.3
6968,18.3
6969,18.7
6970,19.4
6971,20.3
6972,21
6973,21.4
6974,21.5
6975,21.5
6976,21.7
6977,21.6
6978,20.6
6979,19.7
6980,18.8
6981,15.4
6982,13.3
6983,12
6984,11.9
6985,11.8
6986,9.9
6987,9.4
6988,10.4
6989,15.1
6990,16.4
6991,17.6
6992,18.9
6993,19.9
6994,20.5
6995,21.2
6996,21.8
6997,22.5
6998,22.8
6999,22.9
7000,22.9
7001,22.8
7002,22.1
7003,21.1
7004,19.5
7005,16.1
7006,13.7
7007,12.2
7008,11.3
7009,10.5
7010,9.8
7011,9.4
7012,10.2
7013,15.6
7014,16.4
7015,17.4
7016,19.1
7017,20.5
7018,21.6
7019,22.6
7020,23.1
7021,24.2
7022,23.9
7023,24.2
7024,24.2
7025,24.7
7026,23.9
7027,22.7
7028,19.3
7029,16.4
7030,14.6
7031,13.3
7032,12.4
7033,11.7
7034,11.1
7035,10.8
7036,11.7
7037,17.5
7038,21.2
7039,22.5
7040,23.9
7041,24.4
7042,25.4
7043,25.6
7044,26
7045,26.9
7046,26.9
7047,26.3
7048,26.2
7049,26.4
7050,25.9
7051,25.1
7052,21.9
7053,20.1
7054,17.6
7055,15.5
7056,14.4
7057,13.9
7058,13.8
7059,12.9
7060,13.1
7061,19.1
7062,19.9
7063,22.1
7064,23.6
7065,24.7
7066,25.7
7067,26.1
7068,26.5
7069,25.5
7070,22.2
7071,23.1
7072,23.2
7073,22.2
7074,22
7075,21.4
7076,19.7
7077,17.1
7078,16.3
7079,16.4
7080,16.5
7081,16.5
7082,16.4
7083,15.9
7084,16.1
7085,16.9
7086,18.5
7087,19.2
7088,21
7089,22.2
7090,22
7091,23.9
7092,24.2
7093,23.9
7094,24.2
7095,24.4
7096,23.4
7097,22.3
7098,22.7
7099,21.7
7100,19.6
7101,17.4
7102,16.1
7103,14.8
7104,14.2
7105,13.6
7106,13.1
7107,13.1
7108,13.7
7109,17.8
7110,19.1
7111,21.1
7112,21.8
7113,23.2
7114,24
7115,24.9
7116,25.6
7117,25.6
7118,26.9
7119,26.1
7120,26.2
7121,27
7122,26.5
7123,25.3
7124,23.3
7125,2
7126,18.3
7127,16.8
7128,16
7129,18.1
7130,17.6
7131,16.7
7132,17.4
7133,19.5
7134,20.9
7135,21.6
7136,22.8
7137,24
7138,25.5
7139,26.4
7140,27.2
7141,27.7
7142,27.7
7143,27.5
7144,28.1
7145,27.9
7146,27.7
7147,26.6
7148,24.3
7149,21.5
7150,18.5
7151,16.8
7152,15.7
7153,14.6
7154,13.8
7155,13.5
7156,14.1
7157,19
7158,21.7
7159,22.7
7160,23.6
7161,25
7162,24.7
7163,26
7164,27
7165,27.4
7166,28.1
7167,27.6
7168,27.8
7169,27.6
7170,27.1
7171,26.5
7172,23.7
7173,20.7
7174,19
7175,17.8
7176,16.9
7177,16.1
7178,15.5
7179,15.1
7180,15.6
7181,20.4
7182,23
7183,24.6
7184,25.9
7185,27.2
7186,28
7187,28.6
7188,29.3
7189,29.7
7190,29.9
7191,30.1
7192,30.2
7193,30.2
7194,29.5
7195,28.4
7196,24.6
7197,21.8
7198,20.2
7199,19.2
7200,18.4
7201,18.1
7202,17.6
7203,17.5
7204,18.2
7205,23.3
7206,23.8
7207,24.5
7208,25.5
7209,27.3
7210,29.3
7211,29.5
7212,30.4
7213,30.4
7214,30.5
7215,29.7
7216,29.3
7217,29
7218,26.4
7219,24.2
7220,22.4
7221,21
7222,19.2
7223,17.3
7224,14.9
7225,14.1
7226,12.8
7227,11.9
7228,11.9
7229,15.7
7230,17.2
7231,18.4
7232,19.2
7233,19.1
7234,20.1
7235,20.3
7236,20.6
7237,21
7238,20.8
7239,20.7
7240,20.7
7241,19.4
7242,18.8
7243,18.3
7244,16.6
7245,16
7246,14.5
7247,12.6
7248,11.6
7249,10.9
7250,9.7
7251,9.2
7252,9.1
7253,9.5
7254,10.6
7255,11.7
7256,12
7257,12.4
7258,13.2
7259,13.8
7260,13.8
7261,15.1
7262,14.2
7263,14.6
7264,14.2
7265,14.2
7266,13.8
7267,13.1
7268,12.7
7269,12.3
7270,12.1
7271,11.5
7272,11.8
7273,11.8
7274,11.6
7275,11.5
7276,12
7277,12.2
7278,12.2
7279,12.7
7280,13.7
7281,14.5
7282,15.6
7283,17
7284,17.1
7285,18.1
7286,17.9
7287,18.6
7288,18.4
7289,17.8
7290,17.1
7291,17
7292,16
7293,15.1
7294,13.2
7295,11.1
7296,10.4
7297,9.6
7298,8.5
7299,5.9
7300,5.7
7301,9.7
7302,10.9
7303,11.9
7304,12.9
7305,12.9
7306,13.4
7307,13.5
7308,13.9
7309,14.3
7310,14.7
7311,15.4
7312,15.6
7313,16.1
7314,15.9
7315,15.2
7316,14.6
7317,12
7318,9.6
7319,8.7
7320,9.1
7321,10.5
7322,11.7
7323,12.7
7324,12
7325,12.8
7326,14.1
7327,15.2
7328,16.2
7329,16.6
7330,17.3
7331,17.1
7332,18.7
7333,18.9
7334,18.4
7335,17.5
7336,17.4
7337,17.3
7338,16.5
7339,15.6
7340,14.8
7341,13.4
7342,12.5
7343,11.4
7344,10.6
7345,9.9
7346,10.2
7347,9.8
7348,9.7
7349,10.1
7350,11
7351,11.9
7352,12.8
7353,12.5
7354,12.1
7355,13.1
7356,13.1
7357,13.5
7358,13.9
7359,14.4
7360,14.5
7361,14.6
7362,14.5
7363,14
7364,13.8
7365,12.9
7366,12.7
7367,11.9
7368,9.2
7369,6.8
7370,5.9
7371,7.1
7372,7.4
7373,9.5
7374,10.5
7375,12
7376,12.2
7377,12
7378,13.3
7379,14.7
7380,15.8
7381,15.7
7382,16.1
7383,16.6
7384,16.9
7385,16.8
7386,16.4
7387,15.1
7388,14.1
7389,13.4
7390,12.3
7391,11.4
7392,10.3
7393,9.6
7394,9
7395,7.4
7396,6.4
7397,9.6
7398,13.2
7399,13.4
7400,15.4
7401,18.4
7402,19.7
7403,21.2
7404,20.3
7405,2
7406,19.4
7407,17.2
7408,18.6
7409,19.4
7410,17.9
7411,17.4
7412,14
7413,11.9
7414,11.8
7415,11.7
7416,9.1
7417,8.1
7418,7
7419,6
7420,6.1
7421,8.1
7422,12.8
7423,14.3
7424,15.8
7425,16.9
7426,18.4
7427,18.6
7428,19.8
7429,20.3
7430,20.8
7431,20.4
7432,21
7433,20.4
7434,2
7435,19.5
7436,17.7
7437,16.3
7438,16.8
7439,14.5
7440,13
7441,11
7442,1
7443,10.9
7444,11.9
7445,14.2
7446,14.8
7447,16
7448,16.4
7449,16.9
7450,18.5
7451,19.6
7452,21
7453,21.8
7454,18
7455,18.9
7456,18.8
7457,18.4
7458,17.1
7459,16.6
7460,16.3
7461,15.8
7462,16.1
7463,14.8
7464,14.9
7465,14.6
7466,14.5
7467,14
7468,14.2
7469,14.3
7470,14.8
7471,15.4
7472,16.2
7473,16
7474,16.9
7475,17.1
7476,19.9
7477,20.5
7478,21.4
7479,20.7
7480,19.9
7481,18.4
7482,17.3
7483,16.9
7484,15.8
7485,15.7
7486,15.1
7487,13.6
7488,13
7489,12.4
7490,11.9
7491,12.2
7492,12.2
7493,13.4
7494,14.6
7495,16.9
7496,16.7
7497,17.8
7498,18.9
7499,19.3
7500,20.4
7501,21.1
7502,21.3
7503,21.3
7504,21.4
7505,19.7
7506,19.8
7507,18
7508,15
7509,13
7510,11.7
7511,10.7
7512,9.9
7513,9.2
7514,8.7
7515,8.3
7516,8.1
7517,10.1
7518,15.5
7519,17.5
7520,20.1
7521,20.9
7522,22.5
7523,22.8
7524,23.5
7525,23.1
7526,23.7
7527,23.3
7528,23.9
7529,22.6
7530,21.5
7531,20.4
7532,18.1
7533,15.6
7534,14.4
7535,13.7
7536,13.6
7537,15.9
7538,15.8
7539,15.9
7540,15.7
7541,15.7
7542,16.4
7543,17.3
7544,18.3
7545,19.6
7546,19.3
7547,19.6
7548,17.4
7549,15.8
7550,16.1
7551,16
7552,16.2
7553,16.4
7554,17
7555,16.8
7556,16.6
7557,16.7
7558,16.8
7559,16.6
7560,16.4
7561,16.4
7562,16.1
7563,15.8
7564,16.2
7565,16.2
7566,16.6
7567,16.8
7568,17.4
7569,18.1
7570,19.5
7571,20.2
7572,20.3
7573,20.9
7574,16.8
7575,20.2
7576,21.1
7577,2
7578,19.5
7579,18.4
7580,17.6
7581,16.9
7582,16.6
7583,16.1
7584,15.9
7585,16.1
7586,15.8
7587,15.9
7588,15.8
7589,16
7590,16.2
7591,17.2
7592,18.6
7593,19.8
7594,20.6
7595,21.9
7596,21.9
7597,23.1
7598,22.8
7599,23
7600,21.7
7601,21.8
7602,20.8
7603,19.3
7604,18.3
7605,15.8
7606,13.9
7607,13.1
7608,13.4
7609,13.7
7610,13.4
7611,13
7612,13.2
7613,13.6
7614,14
7615,13.7
7616,14.3
7617,14.8
7618,15.1
7619,16
7620,16
7621,14.4
7622,15
7623,13.1
7624,13.7
7625,13.2
7626,13.1
7627,13.2
7628,12.7
7629,12.6
7630,11.8
7631,11.8
7632,11
7633,10.1
7634,9.2
7635,10.6
7636,11.1
7637,11.4
7638,11.8
7639,12.2
7640,13.3
7641,15.2
7642,14.5
7643,15.5
7644,16.9
7645,17
7646,16.2
7647,16.7
7648,16.7
7649,16.1
7650,15.5
7651,14.6
7652,12.5
7653,9.8
7654,9.4
7655,7.8
7656,7.3
7657,7.3
7658,8.3
7659,8.8
7660,9.3
7661,9.8
7662,12.4
7663,13.5
7664,15.5
7665,17.9
7666,18.5
7667,2
7668,20.5
7669,19.9
7670,19.2
7671,19.5
7672,18.3
7673,18.8
7674,18.8
7675,17.6
7676,17.1
7677,16.6
7678,16.3
7679,15.9
7680,15.8
7681,16
7682,16.1
7683,16
7684,15.7
7685,15.8
7686,16.3
7687,17.7
7688,18.1
7689,20.3
7690,21.1
7691,21.1
7692,21
7693,21.7
7694,22
7695,22.1
7696,22.5
7697,21.2
7698,20.4
7699,19.1
7700,17.2
7701,15.8
7702,16.4
7703,16.3
7704,16.1
7705,16.3
7706,16.5
7707,16.9
7708,16.2
7709,16.4
7710,16.8
7711,17.5
7712,18.3
7713,18.5
7714,18
7715,18.3
7716,20.4
7717,20.2
7718,18.7
7719,17.1
7720,16.7
7721,17.5
7722,18
7723,17.9
7724,17.7
7725,17.7
7726,17.6
7727,17.3
7728,16.7
7729,16.2
7730,14.7
7731,14.9
7732,14.8
7733,15
7734,15.3
7735,15.4
7736,15.8
7737,16.1
7738,16.9
7739,16.8
7740,17.7
7741,19.7
7742,19.4
7743,19.7
7744,19.5
7745,19
7746,18
7747,16.5
7748,13.2
7749,12.2
7750,13.6
7751,13.9
7752,13.4
7753,13.7
7754,13.3
7755,13
7756,14
7757,15
7758,15.8
7759,16.8
7760,17.5
7761,19.2
7762,19.7
7763,20.8
7764,21.4
7765,21.7
7766,21.5
7767,20.9
7768,21
7769,20.1
7770,19
7771,17.4
7772,16.5
7773,15.5
7774,14.8
7775,14.2
7776,14.1
7777,13.7
7778,12.9
7779,14.1
7780,14.5
7781,14.9
7782,15.4
7783,15.7
7784,16.5
7785,18.6
7786,19.5
7787,20.2
7788,21.8
7789,2
7790,19.5
7791,19.9
7792,19.1
7793,20.2
7794,18.4
7795,16.8
7796,14.7
7797,11.9
7798,10.4
7799,9.6
7800,10.5
7801,9.9
7802,9.4
7803,9.9
7804,9.6
7805,12.4
7806,13.5
7807,14.1
7808,16.1
7809,16.6
7810,17.2
7811,16.8
7812,15.4
7813,18.8
7814,19.5
7815,19.9
7816,19.7
7817,19.4
7818,17.9
7819,13.8
7820,14.5
7821,14.9
7822,13.7
7823,13.4
7824,13.5
7825,13.7
7826,13.3
7827,12.8
7828,12.5
7829,12.7
7830,13
7831,13.8
7832,15
7833,16.1
7834,16.7
7835,18.9
7836,18.4
7837,18.4
7838,18.5
7839,17.8
7840,16.7
7841,16.2
7842,15.1
7843,13.6
7844,12.7
7845,11.2
7846,12.1
7847,11.9
7848,12.4
7849,10.5
7850,11.6
7851,11.2
7852,12
7853,12.2
7854,12.5
7855,13.4
7856,13.5
7857,14.9
7858,16.6
7859,18
7860,18.8
7861,19.1
7862,19.9
7863,19.8
7864,19.7
7865,18.9
7866,18.2
7867,14.2
7868,11.9
7869,10.5
7870,9.5
7871,8.7
7872,7.7
7873,7.1
7874,6.6
7875,6.3
7876,6
7877,7.2
7878,10.4
7879,13.8
7880,16.1
7881,17.5
7882,18.5
7883,19.6
7884,20.3
7885,21.5
7886,21.6
7887,22
7888,21
7889,20.3
7890,19.7
7891,18.3
7892,17.3
7893,16.4
7894,15.7
7895,15.2
7896,15.7
7897,16.2
7898,16.6
7899,16.7
7900,16.7
7901,16.8
7902,16.9
7903,17.1
7904,17.5
7905,17.5
7906,18.9
7907,20.3
7908,20.9
7909,21.1
7910,21.7
7911,22.8
7912,22.5
7913,22.6
7914,21.3
7915,18.3
7916,15.8
7917,14.8
7918,14.4
7919,13.2
7920,12.4
7921,11.7
7922,11
7923,10.4
7924,1
7925,11.1
7926,14
7927,17.1
7928,19
7929,21.2
7930,22.5
7931,23.6
7932,24.5
7933,24.8
7934,25.5
7935,25.5
7936,25.4
7937,25.3
7938,23
7939,18.6
7940,16.4
7941,15.8
7942,14.5
7943,13.5
7944,12.8
7945,12.1
7946,11.5
7947,11.2
7948,11.2
7949,12.1
7950,15.2
7951,17.6
7952,2
7953,22
7954,23.3
7955,24.8
7956,26
7957,26.8
7958,26.1
7959,26.1
7960,26.2
7961,25.8
7962,24
7963,21.3
7964,20.1
7965,19.3
7966,18.3
7967,17.6
7968,17.3
7969,16.9
7970,16.6
7971,15
7972,15.4
7973,16.1
7974,17.5
7975,19.1
7976,20.8
7977,22.8
7978,23.5
7979,24
7980,25.1
7981,25.9
7982,25.6
7983,25.4
7984,25.1
7985,24.4
7986,22.9
7987,21.7
7988,20.6
7989,19.4
7990,18.2
7991,18.2
7992,18.2
7993,17.4
7994,17
7995,16.8
7996,16.9
7997,17
7998,17.1
7999,17.5
8000,17.9
8001,18.4
8002,19
8003,19.4
8004,20.7
8005,21.9
8006,21.8
8007,21.9
8008,21.5
8009,20.3
8010,19.3
8011,17.5
8012,14.7
8013,13.3
8014,14.5
8015,14.8
8016,12.4
8017,11.7
8018,11.6
8019,13.3
8020,13.2
8021,13.3
8022,14.7
8023,15.5
8024,17.1
8025,19.2
8026,20.1
8027,20.9
8028,21.5
8029,22.2
8030,21.6
8031,21.2
8032,21.2
8033,20.4
8034,19.2
8035,16.7
8036,14.9
8037,14
8038,14.3
8039,14.6
8040,14.5
8041,14
8042,13.9
8043,14.3
8044,14.5
8045,14.8
8046,15.1
8047,15.9
8048,17.9
8049,19.4
8050,20.9
8051,22.2
8052,23.3
8053,23.7
8054,23.8
8055,23.8
8056,23.6
8057,23
8058,21.3
8059,19.5
8060,18.8
8061,17.8
8062,17.1
8063,15.9
8064,15
8065,15.5
8066,15.9
8067,16.3
8068,16.1
8069,16.1
8070,16.8
8071,18.4
8072,19.9
8073,20.9
8074,22.2
8075,23.2
8076,23.1
8077,22.8
8078,17.9
8079,17.5
8080,16.5
8081,15.4
8082,14
8083,13.6
8084,13
8085,12.4
8086,12.3
8087,12.3
8088,12.5
8089,11.8
8090,10.7
8091,11.5
8092,10.9
8093,10.7
8094,11.6
8095,12.6
8096,13.9
8097
8098
8099,16.6
8100,17.5
8101,17.6
8102,18
8103,18.3
8104,18.3
8105,18.2
8106,16.3
8107,14.4
8108,12.9
8109,10.6
8110,8.5
8111,8.5
8112,8.5
8113,10.7
8114,10.7
8115,11.5
8116,12.2
8117,12.5
8118,13
8119,13.7
8120,15
8121,15.6
8122,15.6
8123,17.3
8124,18.7
8125,18.2
8126,17.3
8127,17.2
8128,17
8129,15.8
8130,14.1
8131,11.6
8132,9.2
8133,8.2
8134,7
8135,6.2
8136,5.6
8137,6
8138,7
8139,8.1
8140,9.6
8141,10.9
8142,11.7
8143,13.8
8144,14.2
8145,15.6
8146,16.1
8147,16.7
8148,16.5
8149,15.6
8150,15.6
8151,17.1
8152,17.3
8153,17.6
8154,16.7
8155,15.7
8156,14.6
8157,13.7
8158,13.1
8159,12.6
8160,12.2
8161,12
8162,12.4
8163,10.8
8164,10.7
8165,11.3
8166,11.9
8167,13.2
8168,13.6
8169,14.6
8170,13
8171,14.6
8172,15
8173,15.9
8174,15.5
8175,16.2
8176,15.2
8177,14.3
8178,12.6
8179,10.8
8180,8.6
8181,7.3
8182,6.5
8183,5.7
8184,5.4
8185,5.3
8186,5.8
8187,5.8
8188,6.2
8189,7.6
8190,9.1
8191,10.9
8192,12.5
8193,13.8
8194,14.3
8195,16.3
8196,11.7
8197,13
8198,13.8
8199,13.6
8200,13.2
8201,13.4
8202,12.9
8203,12.4
8204,12
8205,11.9
8206,12.3
8207,12.2
8208,11.9
8209,11.9
8210,11.9
8211,12
8212,11.7
8213,11.7
8214,12.5
8215,13.7
8216,14.5
8217,15.3
8218,17.4
8219,18.3
8220,18.8
8221,18.1
8222,17.6
8223,17.3
8224,17
8225,16.6
8226,15.5
8227,14.3
8228,14.2
8229,14
8230,13.6
8231,13.4
8232,13.3
8233,13.8
8234,13.7
8235,13.5
8236,13.7
8237,13.5
8238,13.9
8239,14.2
8240,14.7
8241,15.8
8242,16
8243,15.9
8244,15.6
8245,15.7
8246,16.1
8247,16
8248,15.8
8249,16.1
8250,15.9
8251,15.9
8252,16.1
8253,15.7
8254,15.7
8255,15.3
8256,15.3
8257,15
8258,14.9
8259,14.7
8260,14.8
8261,14.8
8262,14.8
8263,15.2
8264,15.5
8265,16.3
8266,17.4
8267,18.9
8268,20.6
8269,21.5
8270,22.2
8271,22.3
8272,21.9
8273,21.2
8274,19
8275,18.5
8276,17.7
8277,16.9
8278,16.3
8279,16.4
8280,16
8281,16.4
8282,16.3
8283,15.7
8284,14.7
8285,14.1
8286,15
8287,15.7
8288,16.1
8289,16
8290,16.3
8291,16
8292,14.7
8293,14.8
8294,14.6
8295,14.4
8296,14.3
8297,14.8
8298,14.8
8299,14.7
8300,14.9
8301,14.8
8302,14.8
8303,14.3
8304,13.4
8305,13
8306,13.1
8307,13.1
8308,13.5
8309,13.5
8310,13.9
8311,14.2
8312,14.1
8313,14.3
8314,14.6
8315,15.8
8316,16.2
8317,15.1
8318,14.6
8319,15
8320,15
8321,14.4
8322,14.1
8323,13.1
8324,12.5
8325,12.5
8326,12.3
8327,12.5
8328,12.8
8329,13
8330,12.5
8331,12.2
8332,12.1
8333,12.2
8334,12.5
8335,12.5
8336,12.6
8337,13.2
8338,13.5
8339,14.3
8340,14.5
8341,15.2
8342,14.8
8343,14.8
8344,13.4
8345,12.7
8346,11.4
8347,10.5
8348,10.4
8349,9.9
8350,9.3
8351,9.3
8352,9.2
8353,8.8
8354,8.1
8355,7.3
8356,7.5
8357,7.7
8358,8.2
8359,9.5
8360,10.4
8361,11.5
8362,12.7
8363,12.7
8364,12
8365,12.6
8366,11.1
8367,11.4
8368,10.9
8369,10.5
8370,9.5
8371,8.4
8372,6.8
8373,6.7
8374,7.6
8375,6.8
8376,6.3
8377,6.6
8378,7.2
8379,7.8
8380,7.5
8381,7.5
8382,7.6
8383,8.2
8384,8.9
8385,9.6
8386,10.5
8387,11.6
8388,12.2
8389,11.7
8390,12.4
8391,12.5
8392,11.5
8393,11.1
8394,10.5
8395,9.7
8396,9.4
8397,9.1
8398,8.3
8399,8.3
8400,7.5
8401,7
8402,7.2
8403,6.8
8404,7.7
8405,7.5
8406,7.4
8407,7.9
8408,8.2
8409,8.5
8410,9.7
8411,9.7
8412,9.9
8413,9.4
8414,9.2
8415,9.5
8416,9.4
8417,9.3
8418,9.2
8419,8.9
8420,8.2
8421,7.6
8422,7.1
8423,6.7
8424,6.5
8425,6.7
8426,6.1
8427,5.9
8428,5.7
8429,4.1
8430,4.1
8431,5.9
8432,8.3
8433,1
8434,10.3
8435,10.4
8436,10.4
8437,10.7
8438,11
8439,11.2
8440,10.7
8441,10.3
8442,1
8443,9.8
8444,8.4
8445,8.1
8446,7.8
8447,7
8448,6.5
8449,6.3
8450,6.3
8451,6.6
8452,6
8453,6.6
8454,6.8
8455,7
8456,8.3
8457,9
8458,9.6
8459,10.3
8460,1
8461,10.8
8462,10.5
8463,10.1
8464,9.8
8465,8
8466,6.8
8467,4.9
8468,2.9
8469,1.7
8470,0.9
8471,0.8
8472,0.9
8473,1.2
8474,1.4
8475,1.3
8476,0.9
8477
8478,1.9
8479,4.6
8480,6
8481,7.7
8482,8.5
8483,9.2
8484,9.7
8485,6.9
8486,8.7
8487,7.4
8488,6.1
8489,6.2
8490,5.9
8491,5.6
8492,4.7
8493,4.3
8494,1.8
8495,-0.3
8496,-1.2
8497,-1.7
8498,-1.7
8499,-1.6
8500,-1.4
8501,-1.4
8502,-1.4
8503,2.3
8504,5.5
8505,7.5
8506,8.4
8507,9.4
8508,9.8
8509,1
8510,9.6
8511,9.5
8512,9
8513,8.1
8514,7.4
8515,6.7
8516,6.7
8517,6.1
8518,5.8
8519,5.9
8520,5.9
8521,5.9
8522,5.8
8523,5.9
8524,5.9
8525,6.1
8526,6.3
8527,6.7
8528,7.1
8529,8
8530,9.1
8531,9.8
8532,9.5
8533,9.1
8534,8.9
8535,9.1
8536,8.9
8537,8.1
8538,7.8
8539,7.4
8540,7.3
8541,7
8542,6.5
8543,5.7
8544,4.8
8545,4.5
8546,4.3
8547,4
8548,2.7
8549,2.6
8550,3
8551,4
8552,6.4
8553,6.7
8554,7.2
8555,8
8556,8.3
8557,9
8558,8.7
8559,9
8560,8.7
8561,8.3
8562,7.3
8563,6.4
8564,6.2
8565,6
8566,5.3
8567,4.3
8568,2.4
8569,0.5
8570,-0.3
8571,1.7
8572,3.1
8573,3.6
8574,4.1
8575,4.8
8576,6.3
8577,7.6
8578,8.3
8579,8.9
8580,8.9
8581,8.7
8582,9.4
8583,9
8584,8.5
8585,7.9
8586,7.9
8587,4.9
8588,2.3
8589,1.7
8590,2.1
8591,2.3
8592,2.2
8593,2
8594,2.4
8595,2.1
8596,2.2
8597,1.8
8598,2.3
8599,3.8
8600,5.6
8601,7
8602,7.8
8603,7.6
8604,7.5
8605,7.3
8606,6.8
8607,6.3
8608,6.2
8609,6.1
8610,5.8
8611,5.6
8612,5.6
8613,5.6
8614,5.6
8615,5.7
8616,5.7
8617,5.6
8618,5.5
8619,5.3
8620,4.9
8621,2.1
8622,2.7
8623,3.8
8624,4.4
8625,6.9
8626,7.6
8627,8.3
8628,9.3
8629,9.4
8630,9.4
8631,9.3
8632,8.8
8633,6
8634,3
8635,1.4
8636,0.5
8637,-0.2
8638,-0.6
8639,-1
8640,-1.1
8641,-1.2
8642,-1.1
8643,-1.2
8644,-1.8
8645,-1.8
8646,-1.5
8647
8648,4.6
8649,6.7
8650,8.9
8651,10.3
8652,12.1
8653,12.2
8654,12.2
8655,11.7
8656,11.4
8657,10.6
8658,9.5
8659,9.1
8660,8.9
8661,9
8662,9.1
8663,8.7
8664,8.5
8665,8.3
8666,8.7
8667,8.6
8668,8.5
8669,8.2
8670,7.8
8671,8.9
8672,9.6
8673,10.4
8674,10.9
8675,11.7
8676,12.2
8677,12.7
8678,12.9
8679,12.6
8680,12.5
8681,11.2
8682,6.9
8683,5.9
8684,4.4
8685,3.8
8686,2.7
8687,1.9
8688,1.3
8689,0.6
8690
8691,-0.4
8692,-0.8
8693,-1.1
8694,-1.1
8695,0.8
8696,7.7
8697,8.4
8698,9.8
8699,10.9
8700,11.7
8701,12
8702,12.1
8703,12
8704,11.5
8705,9.9
8706,8.5
8707,8
8708,8.1
8709,8
8710,8.3
8711,8.2
8712,7.6
8713,8.1
8714,8.2
8715,8.3
8716,8.3
8717,8.8
8718,8.9
8719,9.1
8720,9.6
8721,10.5
8722,11.5
8723,11.4
8724,10.8
8725,10.1
8726,9.5
8727,9.7
8728,10.1
8729,9
8730,7.3
8731,7.9
8732,8.2
8733,8
8734,7.6
8735,7.9
8736,8.2
8737,8.6
8738,8.9
8739,9.1
8740,9.3
8741,9.4
8742,9.4
8743,9.7
8744,9.8
8745,10.4
8746,11.2
8747,11.4
8748,11.9
8749,11.4
8750,12.1
8751,12.7
8752,12.3
8753,11.1
8754,10.8
8755,10.6
8756,10.7
8757,10.8
8758,10.9
8759,10.6
8760,10.7
8761,10.6
